-- phpMyAdmin SQL Dump
-- version phpStudy 2014
-- http://www.phpmyadmin.net
--
-- 主机: localhost
-- 生成日期: 2018 年 07 月 09 日 01:51
-- 服务器版本: 5.5.53
-- PHP 版本: 5.4.45

SET SQL_MODE="NO_AUTO_VALUE_ON_ZERO";
SET time_zone = "+00:00";


/*!40101 SET @OLD_CHARACTER_SET_CLIENT=@@CHARACTER_SET_CLIENT */;
/*!40101 SET @OLD_CHARACTER_SET_RESULTS=@@CHARACTER_SET_RESULTS */;
/*!40101 SET @OLD_COLLATION_CONNECTION=@@COLLATION_CONNECTION */;
/*!40101 SET NAMES utf8 */;

--
-- 数据库: `php`
--

-- --------------------------------------------------------

--
-- 表的结构 `bjyadmin_admin_nav`
--

CREATE TABLE IF NOT EXISTS `bjyadmin_admin_nav` (
  `id` int(11) unsigned NOT NULL AUTO_INCREMENT COMMENT '菜单表',
  `pid` int(11) unsigned DEFAULT '0' COMMENT '所属菜单',
  `name` varchar(15) DEFAULT '' COMMENT '菜单名称',
  `mca` varchar(255) DEFAULT '' COMMENT '模块、控制器、方法',
  `ico` varchar(20) DEFAULT '' COMMENT 'font-awesome图标',
  `order_number` int(11) unsigned DEFAULT NULL COMMENT '排序',
  PRIMARY KEY (`id`)
) ENGINE=MyISAM  DEFAULT CHARSET=utf8 AUTO_INCREMENT=38 ;

--
-- 转存表中的数据 `bjyadmin_admin_nav`
--

INSERT INTO `bjyadmin_admin_nav` (`id`, `pid`, `name`, `mca`, `ico`, `order_number`) VALUES
(1, 0, '系统设置', 'Admin/ShowNav/config', 'cog', 1),
(2, 1, '菜单管理', 'Admin/Nav/index', NULL, NULL),
(7, 4, '权限管理', 'Admin/Rule/index', '', 1),
(4, 0, '权限控制', 'Admin/ShowNav/rule', 'expeditedssl', 2),
(8, 4, '用户组管理', 'Admin/Rule/group', '', 2),
(9, 4, '管理员列表', 'Admin/Rule/admin_user_list', '', 3),
(16, 0, '会员管理', 'Admin/ShowNav/', 'users', 4),
(17, 16, '会员列表', 'Admin/User/index', '', NULL),
(36, 0, '文章管理', 'Admin/ShowNav/posts', 'th', 6),
(37, 36, '文章列表', 'Admin/Posts/index', '', NULL);

-- --------------------------------------------------------

--
-- 表的结构 `bjyadmin_alipay_order`
--

CREATE TABLE IF NOT EXISTS `bjyadmin_alipay_order` (
  `id` int(10) unsigned NOT NULL AUTO_INCREMENT COMMENT '支付宝回执单主键id',
  `product_order_sn` bigint(15) NOT NULL COMMENT '订单号',
  `price` decimal(10,2) unsigned NOT NULL COMMENT '支付金额',
  `alipay_sn` varchar(255) NOT NULL DEFAULT '' COMMENT '阿里支付单号',
  `buyer_email` varchar(255) NOT NULL DEFAULT '' COMMENT '购买者邮箱',
  `pay_time` int(10) unsigned NOT NULL DEFAULT '0' COMMENT '支付时间',
  `detail` text NOT NULL COMMENT '详细内容',
  PRIMARY KEY (`id`)
) ENGINE=MyISAM  DEFAULT CHARSET=utf8 AUTO_INCREMENT=140 ;

-- --------------------------------------------------------

--
-- 表的结构 `bjyadmin_auth_group`
--

CREATE TABLE IF NOT EXISTS `bjyadmin_auth_group` (
  `id` int(11) unsigned NOT NULL AUTO_INCREMENT,
  `title` char(100) NOT NULL DEFAULT '',
  `status` tinyint(1) NOT NULL DEFAULT '1',
  `rules` text COMMENT '规则id',
  PRIMARY KEY (`id`)
) ENGINE=MyISAM  DEFAULT CHARSET=utf8 COMMENT='用户组表' AUTO_INCREMENT=6 ;

--
-- 转存表中的数据 `bjyadmin_auth_group`
--

INSERT INTO `bjyadmin_auth_group` (`id`, `title`, `status`, `rules`) VALUES
(1, '超级管理员', 1, '6,96,20,1,2,3,4,5,64,21,7,8,9,10,11,12,13,14,15,16,123,124,125,19,104,105,106,107,108,118,109,110,111,112,117'),
(2, '产品管理员', 1, '6,96,1,2,3,4,56,57,60,61,63,71,72,65,67,74,75,66,68,69,70,73,77,78,82,83,88,89,90,99,91,92,97,98,104,105,106,107,108,118,109,110,111,112,117,113,114'),
(4, '文章编辑', 1, '6,96,57,60,61,63,71,72,65,67,74,75,66,68,69,73,79,80,78,82,83,88,89,90,99,100,97,98,104,105,106,107,108,118,109,110,111,112,117,113,114');

-- --------------------------------------------------------

--
-- 表的结构 `bjyadmin_auth_group_access`
--

CREATE TABLE IF NOT EXISTS `bjyadmin_auth_group_access` (
  `uid` int(11) unsigned NOT NULL COMMENT '用户id',
  `group_id` int(11) unsigned NOT NULL COMMENT '用户组id',
  UNIQUE KEY `uid_group_id` (`uid`,`group_id`),
  KEY `uid` (`uid`),
  KEY `group_id` (`group_id`)
) ENGINE=MyISAM DEFAULT CHARSET=utf8 COMMENT='用户组明细表';

--
-- 转存表中的数据 `bjyadmin_auth_group_access`
--

INSERT INTO `bjyadmin_auth_group_access` (`uid`, `group_id`) VALUES
(88, 1),
(89, 2),
(89, 4);

-- --------------------------------------------------------

--
-- 表的结构 `bjyadmin_auth_rule`
--

CREATE TABLE IF NOT EXISTS `bjyadmin_auth_rule` (
  `id` int(11) unsigned NOT NULL AUTO_INCREMENT,
  `pid` int(11) unsigned NOT NULL DEFAULT '0' COMMENT '父级id',
  `name` char(80) NOT NULL DEFAULT '' COMMENT '规则唯一标识',
  `title` char(20) NOT NULL DEFAULT '' COMMENT '规则中文名称',
  `status` tinyint(1) NOT NULL DEFAULT '1' COMMENT '状态：为1正常，为0禁用',
  `type` tinyint(1) unsigned NOT NULL DEFAULT '1',
  `condition` char(100) NOT NULL DEFAULT '' COMMENT '规则表达式，为空表示存在就验证，不为空表示按照条件验证',
  PRIMARY KEY (`id`),
  UNIQUE KEY `name` (`name`)
) ENGINE=MyISAM  DEFAULT CHARSET=utf8 COMMENT='规则表' AUTO_INCREMENT=126 ;

--
-- 转存表中的数据 `bjyadmin_auth_rule`
--

INSERT INTO `bjyadmin_auth_rule` (`id`, `pid`, `name`, `title`, `status`, `type`, `condition`) VALUES
(1, 20, 'Admin/ShowNav/nav', '菜单管理', 1, 1, ''),
(2, 1, 'Admin/Nav/index', '菜单列表', 1, 1, ''),
(3, 1, 'Admin/Nav/add', '添加菜单', 1, 1, ''),
(4, 1, 'Admin/Nav/edit', '修改菜单', 1, 1, ''),
(5, 1, 'Admin/Nav/delete', '删除菜单', 1, 1, ''),
(21, 0, 'Admin/ShowNav/rule', '权限控制', 1, 1, ''),
(7, 21, 'Admin/Rule/index', '权限管理', 1, 1, ''),
(8, 7, 'Admin/Rule/add', '添加权限', 1, 1, ''),
(9, 7, 'Admin/Rule/edit', '修改权限', 1, 1, ''),
(10, 7, 'Admin/Rule/delete', '删除权限', 1, 1, ''),
(11, 21, 'Admin/Rule/group', '用户组管理', 1, 1, ''),
(12, 11, 'Admin/Rule/add_group', '添加用户组', 1, 1, ''),
(13, 11, 'Admin/Rule/edit_group', '修改用户组', 1, 1, ''),
(14, 11, 'Admin/Rule/delete_group', '删除用户组', 1, 1, ''),
(15, 11, 'Admin/Rule/rule_group', '分配权限', 1, 1, ''),
(16, 11, 'Admin/Rule/check_user', '添加成员', 1, 1, ''),
(19, 21, 'Admin/Rule/admin_user_list', '管理员列表', 1, 1, ''),
(20, 0, 'Admin/ShowNav/config', '系统设置', 1, 1, ''),
(6, 0, 'Admin/Index/index', '后台首页', 1, 1, ''),
(64, 1, 'Admin/Nav/order', '菜单排序', 1, 1, ''),
(96, 6, 'Admin/Index/welcome', '欢迎界面', 1, 1, ''),
(104, 0, 'Admin/ShowNav/posts', '文章管理', 1, 1, ''),
(105, 104, 'Admin/Posts/index', '文章列表', 1, 1, ''),
(106, 105, 'Admin/Posts/add_posts', '添加文章', 1, 1, ''),
(107, 105, 'Admin/Posts/edit_posts', '修改文章', 1, 1, ''),
(108, 105, 'Admin/Posts/delete_posts', '删除文章', 1, 1, ''),
(109, 104, 'Admin/Posts/category_list', '分类列表', 1, 1, ''),
(110, 109, 'Admin/Posts/add_category', '添加分类', 1, 1, ''),
(111, 109, 'Admin/Posts/edit_category', '修改分类', 1, 1, ''),
(112, 109, 'Admin/Posts/delete_category', '删除分类', 1, 1, ''),
(117, 109, 'Admin/Posts/order_category', '分类排序', 1, 1, ''),
(118, 105, 'Admin/Posts/order_posts', '文章排序', 1, 1, ''),
(123, 11, 'Admin/Rule/add_user_to_group', '设置为管理员', 1, 1, ''),
(124, 11, 'Admin/Rule/add_admin', '添加管理员', 1, 1, ''),
(125, 11, 'Admin/Rule/edit_admin', '修改管理员', 1, 1, '');

-- --------------------------------------------------------

--
-- 表的结构 `bjyadmin_oauth_user`
--

CREATE TABLE IF NOT EXISTS `bjyadmin_oauth_user` (
  `id` int(10) unsigned NOT NULL AUTO_INCREMENT COMMENT '主键id',
  `uid` int(10) unsigned NOT NULL DEFAULT '0' COMMENT '关联的本站用户id',
  `type` tinyint(3) unsigned NOT NULL DEFAULT '1' COMMENT '类型 1：融云   2：友盟',
  `nickname` varchar(30) NOT NULL DEFAULT '' COMMENT '第三方昵称',
  `head_img` varchar(255) NOT NULL DEFAULT '' COMMENT '头像',
  `openid` varchar(40) NOT NULL DEFAULT '' COMMENT '第三方用户id',
  `access_token` varchar(255) NOT NULL DEFAULT '' COMMENT 'access_token token',
  `create_time` int(10) unsigned NOT NULL DEFAULT '0' COMMENT '绑定时间',
  `last_login_time` int(10) unsigned NOT NULL DEFAULT '0' COMMENT '最后登录时间',
  PRIMARY KEY (`id`)
) ENGINE=InnoDB  DEFAULT CHARSET=utf8 AUTO_INCREMENT=683 ;

--
-- 转存表中的数据 `bjyadmin_oauth_user`
--

INSERT INTO `bjyadmin_oauth_user` (`id`, `uid`, `type`, `nickname`, `head_img`, `openid`, `access_token`, `create_time`, `last_login_time`) VALUES
(671, 88, 2, '白俊遥', '', '', 'k2232R1tBYJ232XJQelszNuV2tlzgsdj9m8A6JtRJXMtM2tfOffQP3U0qNG5zL2qnw9Envm4TqeJtIbMjwAZYMaLjnXw==', 1457693930, 1457693930),
(682, 88, 1, 'admin', 'http://bjyadmin.com/Upload/avatar/user1.jpg', '', 'U8IQ2WNHEO2GWUI5DBKrdSQmKe0yMO+J4U8bCkk5sypUTfI76qou2KKL6uzeqp+0KfzWsqxlwp+yjyGI3e3g6w==', 1469453417, 1469453417);

-- --------------------------------------------------------

--
-- 表的结构 `bjyadmin_order`
--

CREATE TABLE IF NOT EXISTS `bjyadmin_order` (
  `id` int(11) unsigned NOT NULL AUTO_INCREMENT COMMENT '订单主键',
  `order_sn` int(11) unsigned NOT NULL COMMENT '订单号',
  PRIMARY KEY (`id`)
) ENGINE=InnoDB DEFAULT CHARSET=utf8 AUTO_INCREMENT=1 ;

-- --------------------------------------------------------

--
-- 表的结构 `bjyadmin_province_city_area`
--

CREATE TABLE IF NOT EXISTS `bjyadmin_province_city_area` (
  `id` int(11) unsigned NOT NULL AUTO_INCREMENT COMMENT '主键',
  `pid` int(11) unsigned NOT NULL DEFAULT '0' COMMENT '父级id',
  `name` varchar(25) NOT NULL DEFAULT '' COMMENT '城市名',
  PRIMARY KEY (`id`)
) ENGINE=MyISAM  DEFAULT CHARSET=utf8 AUTO_INCREMENT=3511 ;

--
-- 转存表中的数据 `bjyadmin_province_city_area`
--

INSERT INTO `bjyadmin_province_city_area` (`id`, `pid`, `name`) VALUES
(1, 0, '北京'),
(2, 1, '北京市辖'),
(3, 2, '东城区'),
(4, 2, '西城区'),
(5, 2, '崇文区'),
(6, 2, '宣武区'),
(7, 2, '朝阳区'),
(8, 2, '丰台区'),
(9, 2, '石景山区'),
(10, 2, '海淀区'),
(11, 2, '门头沟区'),
(12, 2, '房山区'),
(13, 2, '通州区'),
(14, 2, '顺义区'),
(15, 2, '昌平区'),
(16, 1, '北京县辖'),
(17, 16, '大兴县'),
(18, 16, '平谷县'),
(19, 16, '怀柔县'),
(20, 16, '密云县'),
(21, 16, '延庆县'),
(22, 0, '天津'),
(23, 22, '天津市辖'),
(24, 23, '和平区'),
(25, 23, '河东区'),
(26, 23, '河西区'),
(27, 23, '南开区'),
(28, 23, '河北区'),
(29, 23, '红桥区'),
(30, 23, '塘沽区'),
(31, 23, '汉沽区'),
(32, 23, '大港区'),
(33, 23, '东丽区'),
(34, 23, '西青区'),
(35, 23, '津南区'),
(36, 23, '北辰区'),
(37, 23, '武清区'),
(38, 22, '天津县辖'),
(39, 38, '宁河县'),
(40, 38, '静海县'),
(41, 38, '宝坻县'),
(42, 38, '蓟  县'),
(43, 0, '河北'),
(44, 43, '石家庄'),
(45, 44, '市辖区'),
(46, 44, '长安区'),
(47, 44, '桥东区'),
(48, 44, '桥西区'),
(49, 44, '新华区'),
(50, 44, '郊  区'),
(51, 44, '井陉矿区'),
(52, 44, '井陉县'),
(53, 44, '正定县'),
(54, 44, '栾城县'),
(55, 44, '行唐县'),
(56, 44, '灵寿县'),
(57, 44, '高邑县'),
(58, 44, '深泽县'),
(59, 44, '赞皇县'),
(60, 44, '无极县'),
(61, 44, '平山县'),
(62, 44, '元氏县'),
(63, 44, '赵  县'),
(64, 44, '辛集市'),
(65, 44, '藁城市'),
(66, 44, '晋州市'),
(67, 44, '新乐市'),
(68, 44, '鹿泉市'),
(69, 43, '唐山'),
(70, 69, '市辖区'),
(71, 69, '路南区'),
(72, 69, '路北区'),
(73, 69, '古冶区'),
(74, 69, '开平区'),
(75, 69, '新  区'),
(76, 69, '丰润县'),
(77, 69, '滦  县'),
(78, 69, '滦南县'),
(79, 69, '乐亭县'),
(80, 69, '迁西县'),
(81, 69, '玉田县'),
(82, 69, '唐海县'),
(83, 69, '遵化市'),
(84, 69, '丰南市'),
(85, 69, '迁安市'),
(86, 43, '秦皇岛'),
(87, 86, '市辖区'),
(88, 86, '海港区'),
(89, 86, '山海关区'),
(90, 86, '北戴河区'),
(91, 86, '青龙满族自治县'),
(92, 86, '昌黎县'),
(93, 86, '抚宁县'),
(94, 86, '卢龙县'),
(95, 43, '邯郸'),
(96, 95, '市辖区'),
(97, 95, '邯山区'),
(98, 95, '丛台区'),
(99, 95, '复兴区'),
(100, 95, '峰峰矿区'),
(101, 95, '邯郸县'),
(102, 95, '临漳县'),
(103, 95, '成安县'),
(104, 95, '大名县'),
(105, 95, '涉  县'),
(106, 95, '磁  县'),
(107, 95, '肥乡县'),
(108, 95, '永年县'),
(109, 95, '邱  县'),
(110, 95, '鸡泽县'),
(111, 95, '广平县'),
(112, 95, '馆陶县'),
(113, 95, '魏  县'),
(114, 95, '曲周县'),
(115, 95, '武安市'),
(116, 43, '邢台'),
(117, 116, '市辖区'),
(118, 116, '桥东区'),
(119, 116, '桥西区'),
(120, 116, '邢台县'),
(121, 116, '临城县'),
(122, 116, '内丘县'),
(123, 116, '柏乡县'),
(124, 116, '隆尧县'),
(125, 116, '任  县'),
(126, 116, '南和县'),
(127, 116, '宁晋县'),
(128, 116, '巨鹿县'),
(129, 116, '新河县'),
(130, 116, '广宗县'),
(131, 116, '平乡县'),
(132, 116, '威  县'),
(133, 116, '清河县'),
(134, 116, '临西县'),
(135, 116, '南宫市'),
(136, 116, '沙河市'),
(137, 43, '保定'),
(138, 137, '市辖区'),
(139, 137, '新市区'),
(140, 137, '北市区'),
(141, 137, '南市区'),
(142, 137, '满城县'),
(143, 137, '清苑县'),
(144, 137, '涞水县'),
(145, 137, '阜平县'),
(146, 137, '徐水县'),
(147, 137, '定兴县'),
(148, 137, '唐  县'),
(149, 137, '高阳县'),
(150, 137, '容城县'),
(151, 137, '涞源县'),
(152, 137, '望都县'),
(153, 137, '安新县'),
(154, 137, '易  县'),
(155, 137, '曲阳县'),
(156, 137, '蠡  县'),
(157, 137, '顺平县'),
(158, 137, '博野县'),
(159, 137, '雄  县'),
(160, 137, '涿州市'),
(161, 137, '定州市'),
(162, 137, '安国市'),
(163, 137, '高碑店市'),
(164, 43, '张家口'),
(165, 164, '市辖区'),
(166, 164, '桥东区'),
(167, 164, '桥西区'),
(168, 164, '宣化区'),
(169, 164, '下花园区'),
(170, 164, '宣化县'),
(171, 164, '张北县'),
(172, 164, '康保县'),
(173, 164, '沽源县'),
(174, 164, '尚义县'),
(175, 164, '蔚  县'),
(176, 164, '阳原县'),
(177, 164, '怀安县'),
(178, 164, '万全县'),
(179, 164, '怀来县'),
(180, 164, '涿鹿县'),
(181, 164, '赤城县'),
(182, 164, '崇礼县'),
(183, 43, '承德'),
(184, 183, '市辖区'),
(185, 183, '双桥区'),
(186, 183, '双滦区'),
(187, 183, '鹰手营子矿区'),
(188, 183, '承德县'),
(189, 183, '兴隆县'),
(190, 183, '平泉县'),
(191, 183, '滦平县'),
(192, 183, '隆化县'),
(193, 183, '丰宁满族自治县'),
(194, 183, '宽城满族自治县'),
(196, 43, '沧州'),
(197, 196, '市辖区'),
(198, 196, '新华区'),
(199, 196, '运河区'),
(200, 196, '沧  县'),
(201, 196, '青  县'),
(202, 196, '东光县'),
(203, 196, '海兴县'),
(204, 196, '盐山县'),
(205, 196, '肃宁县'),
(206, 196, '南皮县'),
(207, 196, '吴桥县'),
(208, 196, '献  县'),
(209, 196, '孟村回族自治县'),
(210, 196, '泊头市'),
(211, 196, '任丘市'),
(212, 196, '黄骅市'),
(213, 196, '河间市'),
(214, 43, '廊坊'),
(215, 214, '市辖区'),
(216, 214, '安次区'),
(217, 214, '廊坊市广阳区'),
(218, 214, '固安县'),
(219, 214, '永清县'),
(220, 214, '香河县'),
(221, 214, '大城县'),
(222, 214, '文安县'),
(223, 214, '大厂回族自治县'),
(224, 214, '霸州市'),
(225, 214, '三河市'),
(226, 43, '衡水'),
(227, 226, '市辖区'),
(228, 226, '桃城区'),
(229, 226, '枣强县'),
(230, 226, '武邑县'),
(231, 226, '武强县'),
(232, 226, '饶阳县'),
(233, 226, '安平县'),
(234, 226, '故城县'),
(235, 226, '景  县'),
(236, 226, '阜城县'),
(237, 226, '冀州市'),
(238, 226, '深州市'),
(239, 0, '山西'),
(240, 239, '太原'),
(241, 240, '市辖区'),
(242, 240, '小店区'),
(243, 240, '迎泽区'),
(244, 240, '杏花岭区'),
(245, 240, '尖草坪区'),
(246, 240, '万柏林区'),
(247, 240, '晋源区'),
(248, 240, '清徐县'),
(249, 240, '阳曲县'),
(250, 240, '娄烦县'),
(251, 240, '古交市'),
(252, 239, '大同'),
(253, 252, '市辖区'),
(254, 252, '城  区'),
(255, 252, '矿  区'),
(256, 252, '南郊区'),
(257, 252, '新荣区'),
(258, 252, '阳高县'),
(259, 252, '天镇县'),
(260, 252, '广灵县'),
(261, 252, '灵丘县'),
(262, 252, '浑源县'),
(263, 252, '左云县'),
(264, 252, '大同县'),
(265, 239, '阳泉'),
(266, 265, '市辖区'),
(267, 265, '城  区'),
(268, 265, '矿  区'),
(269, 265, '郊  区'),
(270, 265, '平定县'),
(271, 265, '盂  县'),
(272, 239, '长治'),
(273, 272, '市辖区'),
(274, 272, '城  区'),
(275, 272, '郊  区'),
(276, 272, '长治县'),
(277, 272, '襄垣县'),
(278, 272, '屯留县'),
(279, 272, '平顺县'),
(280, 272, '黎城县'),
(281, 272, '壶关县'),
(282, 272, '长子县'),
(283, 272, '武乡县'),
(284, 272, '沁  县'),
(285, 272, '沁源县'),
(286, 272, '潞城市'),
(287, 239, '晋城'),
(288, 287, '市辖区'),
(289, 287, '城  区'),
(290, 287, '沁水县'),
(291, 287, '阳城县'),
(292, 287, '陵川县'),
(293, 287, '泽州县'),
(294, 287, '高平市'),
(295, 239, '朔州'),
(296, 295, '市辖区'),
(297, 295, '朔城区'),
(298, 295, '平鲁区'),
(299, 295, '山阴县'),
(300, 295, '应  县'),
(301, 295, '右玉县'),
(302, 295, '怀仁县'),
(303, 239, '晋中'),
(304, 303, '市辖区'),
(305, 303, '榆次区'),
(306, 303, '榆社县'),
(307, 303, '左权县'),
(308, 303, '和顺县'),
(309, 303, '昔阳县'),
(310, 303, '寿阳县'),
(311, 303, '太谷县'),
(312, 303, '祁  县'),
(313, 303, '平遥县'),
(314, 303, '灵石县'),
(315, 303, '介休市'),
(316, 239, '运城'),
(317, 316, '市辖区'),
(318, 316, '盐湖区'),
(319, 316, '临猗县'),
(320, 316, '万荣县'),
(321, 316, '闻喜县'),
(322, 316, '稷山县'),
(323, 316, '新绛县'),
(324, 316, '绛  县'),
(325, 316, '垣曲县'),
(326, 316, '夏  县'),
(327, 316, '平陆县'),
(328, 316, '芮城县'),
(329, 316, '永济市'),
(330, 316, '河津市'),
(331, 239, '忻州'),
(332, 331, '市辖区'),
(333, 331, '忻府区'),
(334, 331, '定襄县'),
(335, 331, '五台县'),
(336, 331, '代  县'),
(337, 331, '繁峙县'),
(338, 331, '宁武县'),
(339, 331, '静乐县'),
(340, 331, '神池县'),
(341, 331, '五寨县'),
(342, 331, '岢岚县'),
(343, 331, '河曲县'),
(344, 331, '保德县'),
(345, 331, '偏关县'),
(346, 331, '原平市'),
(347, 239, '临汾'),
(348, 347, '市辖区'),
(349, 347, '尧都区'),
(350, 347, '曲沃县'),
(351, 347, '翼城县'),
(352, 347, '襄汾县'),
(353, 347, '洪洞县'),
(354, 347, '古  县'),
(355, 347, '安泽县'),
(356, 347, '浮山县'),
(357, 347, '吉  县'),
(358, 347, '乡宁县'),
(359, 347, '大宁县'),
(360, 347, '隰  县'),
(361, 347, '永和县'),
(362, 347, '蒲  县'),
(363, 347, '汾西县'),
(364, 347, '侯马市'),
(365, 347, '霍州市'),
(366, 239, '吕梁地区'),
(367, 366, '孝义市'),
(368, 366, '离石市'),
(369, 366, '汾阳市'),
(370, 366, '文水县'),
(371, 366, '交城县'),
(372, 366, '兴  县'),
(373, 366, '临  县'),
(374, 366, '柳林县'),
(375, 366, '石楼县'),
(376, 366, '岚  县'),
(377, 366, '方山县'),
(378, 366, '中阳县'),
(379, 366, '交口县'),
(380, 0, '内蒙古'),
(381, 380, '呼和浩特'),
(382, 381, '市辖区'),
(383, 381, '新城区'),
(384, 381, '回民区'),
(385, 381, '玉泉区'),
(386, 381, '赛罕区'),
(387, 381, '土默特左旗'),
(388, 381, '托克托县'),
(389, 381, '和林格尔县'),
(390, 381, '清水河县'),
(391, 381, '武川县'),
(392, 380, '包头'),
(393, 392, '市辖区'),
(394, 392, '东河区'),
(395, 392, '昆都伦区'),
(396, 392, '青山区'),
(397, 392, '石拐区'),
(398, 392, '白云矿区'),
(399, 392, '九原区'),
(400, 392, '土默特右旗'),
(401, 392, '固阳县'),
(403, 380, '乌海'),
(404, 403, '市辖区'),
(405, 403, '海勃湾区'),
(406, 403, '海南区'),
(407, 403, '乌达区'),
(408, 380, '赤峰'),
(409, 408, '市辖区'),
(410, 408, '红山区'),
(411, 408, '元宝山区'),
(412, 408, '松山区'),
(413, 408, '阿鲁科尔沁旗'),
(414, 408, '巴林左旗'),
(415, 408, '巴林右旗'),
(416, 408, '林西县'),
(417, 408, '克什克腾旗'),
(418, 408, '翁牛特旗'),
(419, 408, '喀喇沁旗'),
(420, 408, '宁城县'),
(421, 408, '敖汉旗'),
(422, 380, '通辽'),
(423, 422, '市辖区'),
(424, 422, '科尔沁区'),
(425, 422, '科尔沁左翼中旗'),
(426, 422, '科尔沁左翼后旗'),
(427, 422, '开鲁县'),
(428, 422, '库伦旗'),
(429, 422, '奈曼旗'),
(430, 422, '扎鲁特旗'),
(431, 422, '霍林郭勒市'),
(432, 380, '呼伦贝尔盟'),
(433, 432, '海拉尔市'),
(434, 432, '满洲里市'),
(435, 432, '扎兰屯市'),
(436, 432, '牙克石市'),
(437, 432, '根河市'),
(438, 432, '额尔古纳市'),
(439, 432, '阿荣旗'),
(441, 432, '鄂伦春自治旗'),
(442, 432, '鄂温克族自治旗'),
(443, 432, '新巴尔虎右旗'),
(444, 432, '新巴尔虎左旗'),
(445, 432, '陈巴尔虎旗'),
(446, 380, '兴安盟'),
(447, 446, '乌兰浩特市'),
(448, 446, '阿尔山市'),
(449, 446, '科尔沁右翼前旗'),
(450, 446, '科尔沁右翼中旗'),
(451, 446, '扎赉特旗'),
(452, 446, '突泉县'),
(453, 380, '锡林郭勒盟'),
(454, 453, '二连浩特市'),
(455, 453, '锡林浩特市'),
(456, 453, '阿巴嘎旗'),
(457, 453, '苏尼特左旗'),
(458, 453, '苏尼特右旗'),
(459, 453, '东乌珠穆沁旗'),
(460, 453, '西乌珠穆沁旗'),
(461, 453, '太仆寺旗'),
(462, 453, '镶黄旗'),
(463, 453, '正镶白旗'),
(464, 453, '正蓝旗'),
(465, 453, '多伦县'),
(466, 380, '乌兰察布盟'),
(467, 466, '集宁市'),
(468, 466, '丰镇市'),
(469, 466, '卓资县'),
(470, 466, '化德县'),
(471, 466, '商都县'),
(472, 466, '兴和县'),
(473, 466, '凉城县'),
(474, 466, '察哈尔右翼前旗'),
(475, 466, '察哈尔右翼中旗'),
(476, 466, '察哈尔右翼后旗'),
(477, 466, '四子王旗'),
(478, 380, '伊克昭盟'),
(479, 478, '东胜市'),
(480, 478, '达拉特旗'),
(481, 478, '准格尔旗'),
(482, 478, '鄂托克前旗'),
(483, 478, '鄂托克旗'),
(484, 478, '杭锦旗'),
(485, 478, '乌审旗'),
(486, 478, '伊金霍洛旗'),
(487, 380, '巴彦淖尔盟'),
(488, 487, '临河市'),
(489, 487, '五原县'),
(490, 487, '磴口县'),
(491, 487, '乌拉特前旗'),
(492, 487, '乌拉特中旗'),
(493, 487, '乌拉特后旗'),
(494, 487, '杭锦后旗'),
(495, 380, '阿拉善盟'),
(496, 495, '阿拉善左旗'),
(497, 495, '阿拉善右旗'),
(498, 495, '额济纳旗'),
(499, 0, '辽宁'),
(500, 499, '沈阳'),
(501, 500, '市辖区'),
(502, 500, '和平区'),
(503, 500, '沈河区'),
(504, 500, '大东区'),
(505, 500, '皇姑区'),
(506, 500, '铁西区'),
(507, 500, '苏家屯区'),
(508, 500, '东陵区'),
(509, 500, '新城子区'),
(510, 500, '于洪区'),
(511, 500, '辽中县'),
(512, 500, '康平县'),
(513, 500, '法库县'),
(514, 500, '新民市'),
(515, 499, '大连'),
(516, 515, '市辖区'),
(517, 515, '中山区'),
(518, 515, '西岗区'),
(519, 515, '沙河口区'),
(520, 515, '甘井子区'),
(521, 515, '旅顺口区'),
(522, 515, '金州区'),
(523, 515, '长海县'),
(524, 515, '瓦房店市'),
(525, 515, '普兰店市'),
(526, 515, '庄河市'),
(527, 499, '鞍山'),
(528, 527, '市辖区'),
(529, 527, '铁东区'),
(530, 527, '铁西区'),
(531, 527, '立山区'),
(532, 527, '千山区'),
(533, 527, '台安县'),
(534, 527, '岫岩满族自治县'),
(535, 527, '海城市'),
(536, 499, '抚顺'),
(537, 536, '市辖区'),
(538, 536, '新抚区'),
(539, 536, '东洲区'),
(540, 536, '望花区'),
(541, 536, '顺城区'),
(542, 536, '抚顺县'),
(543, 536, '新宾满族自治县'),
(544, 536, '清原满族自治县'),
(545, 499, '本溪'),
(546, 545, '市辖区'),
(547, 545, '平山区'),
(548, 545, '溪湖区'),
(549, 545, '明山区'),
(550, 545, '南芬区'),
(551, 545, '本溪满族自治县'),
(552, 545, '桓仁满族自治县'),
(553, 499, '丹东'),
(554, 553, '市辖区'),
(555, 553, '元宝区'),
(556, 553, '振兴区'),
(557, 553, '振安区'),
(558, 553, '宽甸满族自治县'),
(559, 553, '东港市'),
(560, 553, '凤城市'),
(561, 499, '锦州'),
(562, 561, '市辖区'),
(563, 561, '古塔区'),
(564, 561, '凌河区'),
(565, 561, '太和区'),
(566, 561, '黑山县'),
(567, 561, '义  县'),
(568, 561, '凌海市'),
(569, 561, '北宁市'),
(570, 499, '营口'),
(571, 570, '市辖区'),
(572, 570, '站前区'),
(573, 570, '西市区'),
(574, 570, '鲅鱼圈区'),
(575, 570, '老边区'),
(576, 570, '盖州市'),
(577, 570, '大石桥市'),
(578, 499, '阜新'),
(579, 578, '市辖区'),
(580, 578, '海州区'),
(581, 578, '新邱区'),
(582, 578, '太平区'),
(583, 578, '清河门区'),
(584, 578, '细河区'),
(585, 578, '阜新蒙古族自治县'),
(586, 578, '彰武县'),
(587, 499, '辽阳'),
(588, 587, '市辖区'),
(589, 587, '白塔区'),
(590, 587, '文圣区'),
(591, 587, '宏伟区'),
(592, 587, '弓长岭区'),
(593, 587, '太子河区'),
(594, 587, '辽阳县'),
(595, 587, '灯塔市'),
(596, 499, '盘锦'),
(597, 596, '市辖区'),
(598, 596, '双台子区'),
(599, 596, '兴隆台区'),
(600, 596, '大洼县'),
(601, 596, '盘山县'),
(602, 499, '铁岭'),
(603, 602, '市辖区'),
(604, 602, '银州区'),
(605, 602, '清河区'),
(606, 602, '铁岭县'),
(607, 602, '西丰县'),
(608, 602, '昌图县'),
(609, 602, '铁法市'),
(610, 602, '开原市'),
(611, 499, '朝阳'),
(612, 611, '市辖区'),
(613, 611, '双塔区'),
(614, 611, '龙城区'),
(615, 611, '朝阳县'),
(616, 611, '建平县'),
(618, 611, '北票市'),
(619, 611, '凌源市'),
(620, 499, '葫芦岛'),
(621, 620, '市辖区'),
(622, 620, '连山区'),
(623, 620, '龙港区'),
(624, 620, '南票区'),
(625, 620, '绥中县'),
(626, 620, '建昌县'),
(627, 620, '兴城市'),
(628, 0, '吉林'),
(629, 628, '长春'),
(630, 629, '市辖区'),
(631, 629, '南关区'),
(632, 629, '宽城区'),
(633, 629, '朝阳区'),
(634, 629, '二道区'),
(635, 629, '绿园区'),
(636, 629, '双阳区'),
(637, 629, '农安县'),
(638, 629, '九台市'),
(639, 629, '榆树市'),
(640, 629, '德惠市'),
(641, 628, '吉林'),
(642, 641, '市辖区'),
(643, 641, '昌邑区'),
(644, 641, '龙潭区'),
(645, 641, '船营区'),
(646, 641, '丰满区'),
(647, 641, '永吉县'),
(648, 641, '蛟河市'),
(649, 641, '桦甸市'),
(650, 641, '舒兰市'),
(651, 641, '磐石市'),
(652, 628, '四平'),
(653, 652, '市辖区'),
(654, 652, '铁西区'),
(655, 652, '铁东区'),
(656, 652, '梨树县'),
(657, 652, '伊通满族自治县'),
(658, 652, '公主岭市'),
(659, 652, '双辽市'),
(660, 628, '辽源'),
(661, 660, '市辖区'),
(662, 660, '龙山区'),
(663, 660, '西安区'),
(664, 660, '东丰县'),
(665, 660, '东辽县'),
(666, 628, '通化'),
(667, 666, '市辖区'),
(668, 666, '东昌区'),
(669, 666, '二道江区'),
(670, 666, '通化县'),
(671, 666, '辉南县'),
(672, 666, '柳河县'),
(673, 666, '梅河口市'),
(674, 666, '集安市'),
(675, 628, '白山'),
(676, 675, '市辖区'),
(677, 675, '八道江区'),
(678, 675, '抚松县'),
(679, 675, '靖宇县'),
(680, 675, '长白朝鲜族自治县'),
(681, 675, '江源县'),
(682, 675, '临江市'),
(683, 628, '松原'),
(684, 683, '市辖区'),
(685, 683, '宁江区'),
(687, 683, '长岭县'),
(688, 683, '乾安县'),
(689, 683, '扶余县'),
(690, 628, '白城'),
(691, 690, '市辖区'),
(692, 690, '洮北区'),
(693, 690, '镇赉县'),
(694, 690, '通榆县'),
(695, 690, '洮南市'),
(696, 690, '大安市'),
(697, 628, '延边朝鲜族自治州'),
(698, 697, '延吉市'),
(699, 697, '图们市'),
(700, 697, '敦化市'),
(701, 697, '珲春市'),
(702, 697, '龙井市'),
(703, 697, '和龙市'),
(704, 697, '汪清县'),
(705, 697, '安图县'),
(706, 0, '黑龙江'),
(707, 706, '哈尔滨'),
(708, 707, '市辖区'),
(709, 707, '道里区'),
(710, 707, '南岗区'),
(711, 707, '道外区'),
(712, 707, '太平区'),
(713, 707, '香坊区'),
(714, 707, '动力区'),
(715, 707, '平房区'),
(716, 707, '呼兰县'),
(717, 707, '依兰县'),
(718, 707, '方正县'),
(719, 707, '宾  县'),
(720, 707, '巴彦县'),
(721, 707, '木兰县'),
(722, 707, '通河县'),
(723, 707, '延寿县'),
(724, 707, '阿城市'),
(725, 707, '双城市'),
(726, 707, '尚志市'),
(727, 707, '五常市'),
(728, 706, '齐齐哈尔'),
(729, 728, '市辖区'),
(730, 728, '龙沙区'),
(731, 728, '建华区'),
(732, 728, '铁锋区'),
(733, 728, '昂昂溪区'),
(734, 728, '富拉尔基区'),
(735, 728, '碾子山区'),
(736, 728, '梅里斯达斡尔族区'),
(737, 728, '龙江县'),
(738, 728, '依安县'),
(739, 728, '泰来县'),
(740, 728, '甘南县'),
(741, 728, '富裕县'),
(742, 728, '克山县'),
(743, 728, '克东县'),
(744, 728, '拜泉县'),
(745, 728, '讷河市'),
(746, 706, '鸡西'),
(747, 746, '市辖区'),
(748, 746, '鸡冠区'),
(749, 746, '恒山区'),
(750, 746, '滴道区'),
(751, 746, '梨树区'),
(752, 746, '城子河区'),
(753, 746, '麻山区'),
(754, 746, '鸡东县'),
(755, 746, '虎林市'),
(756, 746, '密山市'),
(757, 706, '鹤岗'),
(758, 757, '市辖区'),
(759, 757, '向阳区'),
(760, 757, '工农区'),
(761, 757, '南山区'),
(762, 757, '兴安区'),
(763, 757, '东山区'),
(764, 757, '兴山区'),
(765, 757, '萝北县'),
(766, 757, '绥滨县'),
(767, 706, '双鸭山'),
(768, 767, '市辖区'),
(769, 767, '尖山区'),
(770, 767, '岭东区'),
(771, 767, '四方台区'),
(772, 767, '宝山区'),
(773, 767, '集贤县'),
(774, 767, '友谊县'),
(775, 767, '宝清县'),
(776, 767, '饶河县'),
(777, 706, '大庆'),
(778, 777, '市辖区'),
(779, 777, '萨尔图区'),
(780, 777, '龙凤区'),
(781, 777, '让胡路区'),
(782, 777, '红岗区'),
(783, 777, '大同区'),
(784, 777, '肇州县'),
(785, 777, '肇源县'),
(786, 777, '林甸县'),
(788, 706, '伊春'),
(789, 788, '市辖区'),
(790, 788, '伊春区'),
(791, 788, '南岔区'),
(792, 788, '友好区'),
(793, 788, '西林区'),
(794, 788, '翠峦区'),
(795, 788, '新青区'),
(796, 788, '美溪区'),
(797, 788, '金山屯区'),
(798, 788, '五营区'),
(799, 788, '乌马河区'),
(800, 788, '汤旺河区'),
(801, 788, '带岭区'),
(802, 788, '乌伊岭区'),
(803, 788, '红星区'),
(804, 788, '上甘岭区'),
(805, 788, '嘉荫县'),
(806, 788, '铁力市'),
(807, 706, '佳木斯'),
(808, 807, '市辖区'),
(809, 807, '永红区'),
(810, 807, '向阳区'),
(811, 807, '前进区'),
(812, 807, '东风区'),
(813, 807, '郊  区'),
(814, 807, '桦南县'),
(815, 807, '桦川县'),
(816, 807, '汤原县'),
(817, 807, '抚远县'),
(818, 807, '同江市'),
(819, 807, '富锦市'),
(820, 706, '七台河'),
(821, 820, '市辖区'),
(822, 820, '新兴区'),
(823, 820, '桃山区'),
(824, 820, '茄子河区'),
(825, 820, '勃利县'),
(826, 706, '牡丹江'),
(827, 826, '市辖区'),
(828, 826, '东安区'),
(829, 826, '阳明区'),
(830, 826, '爱民区'),
(831, 826, '西安区'),
(832, 826, '东宁县'),
(833, 826, '林口县'),
(834, 826, '绥芬河市'),
(835, 826, '海林市'),
(836, 826, '宁安市'),
(837, 826, '穆棱市'),
(838, 706, '黑河'),
(839, 838, '市辖区'),
(840, 838, '爱辉区'),
(841, 838, '嫩江县'),
(842, 838, '逊克县'),
(843, 838, '孙吴县'),
(844, 838, '北安市'),
(845, 838, '五大连池市'),
(846, 706, '绥化'),
(847, 846, '市辖区'),
(848, 846, '北林区'),
(849, 846, '望奎县'),
(850, 846, '兰西县'),
(851, 846, '青冈县'),
(852, 846, '庆安县'),
(853, 846, '明水县'),
(854, 846, '绥棱县'),
(855, 846, '安达市'),
(856, 846, '肇东市'),
(857, 846, '海伦市'),
(858, 706, '大兴安岭地区'),
(859, 858, '呼玛县'),
(860, 858, '塔河县'),
(861, 858, '漠河县'),
(862, 0, '上海'),
(863, 862, '上海市辖'),
(864, 863, '黄浦区'),
(865, 863, '卢湾区'),
(866, 863, '徐汇区'),
(867, 863, '长宁区'),
(868, 863, '静安区'),
(869, 863, '普陀区'),
(870, 863, '闸北区'),
(871, 863, '虹口区'),
(872, 863, '杨浦区'),
(873, 863, '闵行区'),
(874, 863, '宝山区'),
(875, 863, '嘉定区'),
(876, 863, '浦东新区'),
(877, 863, '金山区'),
(878, 863, '松江区'),
(879, 863, '青浦区'),
(880, 862, '上海县辖'),
(881, 880, '南汇县'),
(882, 880, '奉贤县'),
(883, 880, '崇明县'),
(884, 0, '江苏'),
(885, 884, '南京'),
(886, 885, '市辖区'),
(887, 885, '玄武区'),
(888, 885, '白下区'),
(889, 885, '秦淮区'),
(890, 885, '建邺区'),
(891, 885, '鼓楼区'),
(892, 885, '下关区'),
(893, 885, '浦口区'),
(894, 885, '大厂区'),
(895, 885, '栖霞区'),
(896, 885, '雨花台区'),
(897, 885, '江宁区'),
(898, 885, '江浦县'),
(899, 885, '六合县'),
(900, 885, '溧水县'),
(901, 885, '高淳县'),
(902, 884, '无锡'),
(903, 902, '市辖区'),
(904, 902, '崇安区'),
(905, 902, '南长区'),
(906, 902, '北塘区'),
(907, 902, '锡山区'),
(908, 902, '惠山区'),
(909, 902, '滨湖区'),
(910, 902, '江阴市'),
(911, 902, '宜兴市'),
(912, 884, '徐州'),
(913, 912, '市辖区'),
(914, 912, '鼓楼区'),
(915, 912, '云龙区'),
(916, 912, '九里区'),
(917, 912, '贾汪区'),
(918, 912, '泉山区'),
(919, 912, '丰  县'),
(920, 912, '沛  县'),
(921, 912, '铜山县'),
(922, 912, '睢宁县'),
(923, 912, '新沂市'),
(924, 912, '邳州市'),
(925, 884, '常州'),
(926, 925, '市辖区'),
(927, 925, '天宁区'),
(928, 925, '钟楼区'),
(929, 925, '戚墅堰区'),
(930, 925, '郊  区'),
(931, 925, '溧阳市'),
(932, 925, '金坛市'),
(933, 925, '武进市'),
(934, 884, '苏州'),
(935, 934, '市辖区'),
(936, 934, '沧浪区'),
(937, 934, '平江区'),
(938, 934, '金阊区'),
(939, 934, '虎丘区'),
(940, 934, '吴中区'),
(941, 934, '相城区'),
(942, 934, '常熟市'),
(943, 934, '张家港市'),
(944, 934, '昆山市'),
(945, 934, '吴江市'),
(946, 934, '太仓市'),
(947, 884, '南通'),
(948, 947, '市辖区'),
(949, 947, '崇川区'),
(950, 947, '港闸区'),
(951, 947, '海安县'),
(952, 947, '如东县'),
(953, 947, '启东市'),
(954, 947, '如皋市'),
(955, 947, '通州市'),
(956, 947, '海门市'),
(957, 884, '连云港'),
(958, 957, '市辖区'),
(959, 957, '连云区'),
(960, 957, '云台区'),
(961, 957, '新浦区'),
(962, 957, '海州区'),
(963, 957, '赣榆县'),
(964, 957, '东海县'),
(965, 957, '灌云县'),
(966, 957, '灌南县'),
(967, 884, '淮安'),
(968, 967, '市辖区'),
(969, 967, '清河区'),
(970, 967, '楚州区'),
(971, 967, '淮阴区'),
(972, 967, '清浦区'),
(973, 967, '涟水县'),
(974, 967, '洪泽县'),
(975, 967, '盱眙县'),
(976, 967, '金湖县'),
(977, 884, '盐城'),
(978, 977, '市辖区'),
(979, 977, '城  区'),
(980, 977, '响水县'),
(981, 977, '滨海县'),
(982, 977, '阜宁县'),
(983, 977, '射阳县'),
(984, 977, '建湖县'),
(985, 977, '盐都县'),
(986, 977, '东台市'),
(987, 977, '大丰市'),
(988, 884, '扬州'),
(989, 988, '市辖区'),
(990, 988, '广陵区'),
(991, 988, '邗江区'),
(992, 988, '郊  区'),
(993, 988, '宝应县'),
(994, 988, '仪征市'),
(995, 988, '高邮市'),
(996, 988, '江都市'),
(997, 884, '镇江'),
(998, 997, '市辖区'),
(999, 997, '京口区'),
(1000, 997, '润州区'),
(1001, 997, '丹徒县'),
(1002, 997, '丹阳市'),
(1003, 997, '扬中市'),
(1004, 997, '句容市'),
(1005, 884, '泰州'),
(1006, 1005, '市辖区'),
(1007, 1005, '海陵区'),
(1008, 1005, '高港区'),
(1009, 1005, '兴化市'),
(1010, 1005, '靖江市'),
(1011, 1005, '泰兴市'),
(1012, 1005, '姜堰市'),
(1013, 884, '宿迁'),
(1014, 1013, '市辖区'),
(1015, 1013, '宿城区'),
(1016, 1013, '宿豫县'),
(1017, 1013, '沭阳县'),
(1018, 1013, '泗阳县'),
(1019, 1013, '泗洪县'),
(1020, 0, '浙江'),
(1021, 1020, '杭州'),
(1022, 1021, '市辖区'),
(1023, 1021, '上城区'),
(1024, 1021, '下城区'),
(1025, 1021, '江干区'),
(1026, 1021, '拱墅区'),
(1027, 1021, '西湖区'),
(1028, 1021, '滨江区'),
(1029, 1021, '桐庐县'),
(1030, 1021, '淳安县'),
(1031, 1021, '萧山市'),
(1032, 1021, '建德市'),
(1033, 1021, '富阳市'),
(1034, 1021, '余杭市'),
(1035, 1021, '临安市'),
(1036, 1020, '宁波'),
(1037, 1036, '市辖区'),
(1038, 1036, '海曙区'),
(1039, 1036, '江东区'),
(1040, 1036, '江北区'),
(1041, 1036, '北仑区'),
(1042, 1036, '镇海区'),
(1043, 1036, '象山县'),
(1044, 1036, '宁海县'),
(1045, 1036, '鄞  县'),
(1046, 1036, '余姚市'),
(1047, 1036, '慈溪市'),
(1048, 1036, '奉化市'),
(1049, 1020, '温州'),
(1050, 1049, '市辖区'),
(1051, 1049, '鹿城区'),
(1052, 1049, '龙湾区'),
(1053, 1049, '瓯海区'),
(1054, 1049, '洞头县'),
(1055, 1049, '永嘉县'),
(1056, 1049, '平阳县'),
(1057, 1049, '苍南县'),
(1058, 1049, '文成县'),
(1059, 1049, '泰顺县'),
(1060, 1049, '瑞安市'),
(1061, 1049, '乐清市'),
(1062, 1020, '嘉兴'),
(1063, 1062, '市辖区'),
(1064, 1062, '秀城区'),
(1065, 1062, '秀洲区'),
(1066, 1062, '嘉善县'),
(1067, 1062, '海盐县'),
(1068, 1062, '海宁市'),
(1069, 1062, '平湖市'),
(1070, 1062, '桐乡市'),
(1071, 1020, '湖州'),
(1072, 1071, '市辖区'),
(1073, 1071, '德清县'),
(1074, 1071, '长兴县'),
(1075, 1071, '安吉县'),
(1076, 1020, '绍兴'),
(1077, 1076, '市辖区'),
(1078, 1076, '越城区'),
(1079, 1076, '绍兴县'),
(1080, 1076, '新昌县'),
(1081, 1076, '诸暨市'),
(1082, 1076, '上虞市'),
(1083, 1076, '嵊州市'),
(1084, 1020, '金华'),
(1085, 1084, '市辖区'),
(1086, 1084, '婺城区'),
(1087, 1084, '金东区'),
(1088, 1084, '武义县'),
(1089, 1084, '浦江县'),
(1090, 1084, '磐安县'),
(1091, 1084, '兰溪市'),
(1092, 1084, '义乌市'),
(1093, 1084, '东阳市'),
(1094, 1084, '永康市'),
(1095, 1020, '衢州'),
(1096, 1095, '市辖区'),
(1097, 1095, '柯城区'),
(1098, 1095, '衢  县'),
(1099, 1095, '常山县'),
(1100, 1095, '开化县'),
(1101, 1095, '龙游县'),
(1102, 1095, '江山市'),
(1103, 1020, '舟山'),
(1104, 1103, '市辖区'),
(1105, 1103, '定海区'),
(1106, 1103, '普陀区'),
(1107, 1103, '岱山县'),
(1108, 1103, '嵊泗县'),
(1109, 1020, '台州'),
(1110, 1109, '市辖区'),
(1111, 1109, '椒江区'),
(1112, 1109, '黄岩区'),
(1113, 1109, '路桥区'),
(1114, 1109, '玉环县'),
(1115, 1109, '三门县'),
(1116, 1109, '天台县'),
(1117, 1109, '仙居县'),
(1118, 1109, '温岭市'),
(1119, 1109, '临海市'),
(1120, 1020, '丽水'),
(1121, 1120, '市辖区'),
(1122, 1120, '莲都区'),
(1123, 1120, '青田县'),
(1124, 1120, '缙云县'),
(1125, 1120, '遂昌县'),
(1126, 1120, '松阳县'),
(1127, 1120, '云和县'),
(1128, 1120, '庆元县'),
(1129, 1120, '景宁畲族自治县'),
(1130, 1120, '龙泉市'),
(1131, 0, '安徽'),
(1132, 1131, '合肥'),
(1133, 1132, '市辖区'),
(1134, 1132, '东市区'),
(1135, 1132, '中市区'),
(1136, 1132, '西市区'),
(1137, 1132, '郊  区'),
(1138, 1132, '长丰县'),
(1139, 1132, '肥东县'),
(1140, 1132, '肥西县'),
(1141, 1131, '芜湖'),
(1142, 1141, '市辖区'),
(1143, 1141, '镜湖区'),
(1144, 1141, '马塘区'),
(1145, 1141, '新芜区'),
(1146, 1141, '鸠江区'),
(1147, 1141, '芜湖县'),
(1148, 1141, '繁昌县'),
(1149, 1141, '南陵县'),
(1150, 1131, '蚌埠'),
(1151, 1150, '市辖区'),
(1152, 1150, '东市区'),
(1153, 1150, '中市区'),
(1154, 1150, '西市区'),
(1155, 1150, '郊  区'),
(1156, 1150, '怀远县'),
(1157, 1150, '五河县'),
(1158, 1150, '固镇县'),
(1159, 1131, '淮南'),
(1160, 1159, '市辖区'),
(1161, 1159, '大通区'),
(1162, 1159, '田家庵区'),
(1163, 1159, '谢家集区'),
(1164, 1159, '八公山区'),
(1165, 1159, '潘集区'),
(1166, 1159, '凤台县'),
(1167, 1131, '马鞍山'),
(1168, 1167, '市辖区'),
(1169, 1167, '金家庄区'),
(1170, 1167, '花山区'),
(1171, 1167, '雨山区'),
(1172, 1167, '向山区'),
(1173, 1167, '当涂县'),
(1174, 1131, '淮北'),
(1175, 1174, '市辖区'),
(1176, 1174, '杜集区'),
(1177, 1174, '相山区'),
(1178, 1174, '烈山区'),
(1179, 1174, '濉溪县'),
(1180, 1131, '铜陵'),
(1181, 1180, '市辖区'),
(1182, 1180, '铜官山区'),
(1183, 1180, '狮子山区'),
(1184, 1180, '郊  区'),
(1185, 1180, '铜陵县'),
(1186, 1131, '安庆'),
(1187, 1186, '市辖区'),
(1188, 1186, '迎江区'),
(1189, 1186, '大观区'),
(1190, 1186, '郊  区'),
(1191, 1186, '怀宁县'),
(1192, 1186, '枞阳县'),
(1193, 1186, '潜山县'),
(1194, 1186, '太湖县'),
(1195, 1186, '宿松县'),
(1196, 1186, '望江县'),
(1197, 1186, '岳西县'),
(1198, 1186, '桐城市'),
(1199, 1131, '黄山'),
(1200, 1199, '市辖区'),
(1201, 1199, '屯溪区'),
(1202, 1199, '黄山区'),
(1203, 1199, '徽州区'),
(1204, 1199, '歙  县'),
(1205, 1199, '休宁县'),
(1206, 1199, '黟  县'),
(1207, 1199, '祁门县'),
(1208, 1131, '滁州'),
(1209, 1208, '市辖区'),
(1210, 1208, '琅琊区'),
(1211, 1208, '南谯区'),
(1212, 1208, '来安县'),
(1213, 1208, '全椒县'),
(1214, 1208, '定远县'),
(1215, 1208, '凤阳县'),
(1216, 1208, '天长市'),
(1217, 1208, '明光市'),
(1218, 1131, '阜阳'),
(1219, 1218, '市辖区'),
(1220, 1218, '颍州区'),
(1221, 1218, '颍东区'),
(1222, 1218, '颍泉区'),
(1223, 1218, '临泉县'),
(1224, 1218, '太和县'),
(1225, 1218, '阜南县'),
(1226, 1218, '颍上县'),
(1227, 1218, '界首市'),
(1228, 1131, '宿州'),
(1229, 1228, '市辖区'),
(1230, 1228, '墉桥区'),
(1231, 1228, '砀山县'),
(1232, 1228, '萧  县'),
(1233, 1228, '灵璧县'),
(1234, 1228, '泗  县'),
(1235, 1131, '巢湖'),
(1236, 1235, '市辖区'),
(1237, 1235, '居巢区'),
(1238, 1235, '庐江县'),
(1239, 1235, '无为县'),
(1240, 1235, '含山县'),
(1241, 1235, '和  县'),
(1242, 1131, '六安'),
(1243, 1242, '市辖区'),
(1244, 1242, '金安区'),
(1245, 1242, '裕安区'),
(1246, 1242, '寿  县'),
(1247, 1242, '霍邱县'),
(1248, 1242, '舒城县'),
(1249, 1242, '金寨县'),
(1250, 1242, '霍山县'),
(1251, 1131, '亳州'),
(1252, 1251, '市辖区'),
(1253, 1251, '谯城区'),
(1254, 1251, '涡阳县'),
(1255, 1251, '蒙城县'),
(1256, 1251, '利辛县'),
(1257, 1131, '池州'),
(1258, 1257, '市辖区'),
(1259, 1257, '贵池区'),
(1260, 1257, '东至县'),
(1261, 1257, '石台县'),
(1262, 1257, '青阳县'),
(1263, 1131, '宣城'),
(1264, 1263, '市辖区'),
(1265, 1263, '宣州区'),
(1266, 1263, '郎溪县'),
(1267, 1263, '广德县'),
(1268, 1263, '泾  县'),
(1269, 1263, '绩溪县'),
(1270, 1263, '旌德县'),
(1271, 1263, '宁国市'),
(1272, 0, '福建'),
(1273, 1272, '福州'),
(1274, 1273, '市辖区'),
(1275, 1273, '鼓楼区'),
(1276, 1273, '台江区'),
(1277, 1273, '仓山区'),
(1278, 1273, '马尾区'),
(1279, 1273, '晋安区'),
(1280, 1273, '闽侯县'),
(1281, 1273, '连江县'),
(1282, 1273, '罗源县'),
(1283, 1273, '闽清县'),
(1284, 1273, '永泰县'),
(1285, 1273, '平潭县'),
(1286, 1273, '福清市'),
(1287, 1273, '长乐市'),
(1288, 1272, '厦门'),
(1289, 1288, '市辖区'),
(1290, 1288, '鼓浪屿区'),
(1291, 1288, '思明区'),
(1292, 1288, '开元区'),
(1293, 1288, '杏林区'),
(1294, 1288, '湖里区'),
(1295, 1288, '集美区'),
(1296, 1288, '同安区'),
(1297, 1272, '莆田'),
(1298, 1297, '市辖区'),
(1299, 1297, '城厢区'),
(1300, 1297, '涵江区'),
(1301, 1297, '莆田县'),
(1302, 1297, '仙游县'),
(1303, 1272, '三明'),
(1304, 1303, '市辖区'),
(1305, 1303, '梅列区'),
(1306, 1303, '三元区'),
(1307, 1303, '明溪县'),
(1308, 1303, '清流县'),
(1309, 1303, '宁化县'),
(1310, 1303, '大田县'),
(1311, 1303, '尤溪县'),
(1312, 1303, '沙  县'),
(1313, 1303, '将乐县'),
(1314, 1303, '泰宁县'),
(1315, 1303, '建宁县'),
(1316, 1303, '永安市'),
(1317, 1272, '泉州'),
(1318, 1317, '市辖区'),
(1319, 1317, '鲤城区'),
(1320, 1317, '丰泽区'),
(1321, 1317, '洛江区'),
(1322, 1317, '泉港区'),
(1323, 1317, '惠安县'),
(1324, 1317, '安溪县'),
(1325, 1317, '永春县'),
(1326, 1317, '德化县'),
(1327, 1317, '金门县'),
(1328, 1317, '石狮市'),
(1329, 1317, '晋江市'),
(1330, 1317, '南安市'),
(1331, 1272, '漳州'),
(1332, 1331, '市辖区'),
(1333, 1331, '芗城区'),
(1334, 1331, '龙文区'),
(1335, 1331, '云霄县'),
(1336, 1331, '漳浦县'),
(1337, 1331, '诏安县'),
(1338, 1331, '长泰县'),
(1339, 1331, '东山县'),
(1340, 1331, '南靖县'),
(1341, 1331, '平和县'),
(1342, 1331, '华安县'),
(1343, 1331, '龙海市'),
(1344, 1272, '南平'),
(1345, 1344, '市辖区'),
(1346, 1344, '延平区'),
(1347, 1344, '顺昌县'),
(1348, 1344, '浦城县'),
(1349, 1344, '光泽县'),
(1350, 1344, '松溪县'),
(1351, 1344, '政和县'),
(1352, 1344, '邵武市'),
(1353, 1344, '武夷山市'),
(1354, 1344, '建瓯市'),
(1355, 1344, '建阳市'),
(1356, 1272, '龙岩'),
(1357, 1356, '市辖区'),
(1358, 1356, '新罗区'),
(1359, 1356, '长汀县'),
(1360, 1356, '永定县'),
(1361, 1356, '上杭县'),
(1362, 1356, '武平县'),
(1363, 1356, '连城县'),
(1364, 1356, '漳平市'),
(1365, 1272, '宁德'),
(1366, 1365, '市辖区'),
(1367, 1365, '蕉城区'),
(1368, 1365, '霞浦县'),
(1369, 1365, '古田县'),
(1370, 1365, '屏南县'),
(1371, 1365, '寿宁县'),
(1372, 1365, '周宁县'),
(1373, 1365, '柘荣县'),
(1374, 1365, '福安市'),
(1375, 1365, '福鼎市'),
(1376, 0, '江西'),
(1377, 1376, '南昌'),
(1378, 1377, '市辖区'),
(1379, 1377, '东湖区'),
(1380, 1377, '西湖区'),
(1381, 1377, '青云谱区'),
(1382, 1377, '湾里区'),
(1383, 1377, '郊  区'),
(1384, 1377, '南昌县'),
(1385, 1377, '新建县'),
(1386, 1377, '安义县'),
(1387, 1377, '进贤县'),
(1388, 1376, '景德镇'),
(1389, 1388, '市辖区'),
(1390, 1388, '昌江区'),
(1391, 1388, '珠山区'),
(1392, 1388, '浮梁县'),
(1393, 1388, '乐平市'),
(1394, 1376, '萍乡'),
(1395, 1394, '市辖区'),
(1396, 1394, '安源区'),
(1397, 1394, '湘东区'),
(1398, 1394, '莲花县'),
(1399, 1394, '上栗县'),
(1400, 1394, '芦溪县'),
(1401, 1376, '九江'),
(1402, 1401, '市辖区'),
(1403, 1401, '庐山区'),
(1404, 1401, '浔阳区'),
(1405, 1401, '九江县'),
(1406, 1401, '武宁县'),
(1407, 1401, '修水县'),
(1408, 1401, '永修县'),
(1409, 1401, '德安县'),
(1410, 1401, '星子县'),
(1411, 1401, '都昌县'),
(1412, 1401, '湖口县'),
(1413, 1401, '彭泽县'),
(1414, 1401, '瑞昌市'),
(1415, 1376, '新余'),
(1416, 1415, '市辖区'),
(1417, 1415, '渝水区'),
(1418, 1415, '分宜县'),
(1419, 1376, '鹰潭'),
(1420, 1419, '市辖区'),
(1421, 1419, '月湖区'),
(1422, 1419, '余江县'),
(1423, 1419, '贵溪市'),
(1424, 1376, '赣州'),
(1425, 1424, '市辖区'),
(1426, 1424, '章贡区'),
(1427, 1424, '赣  县'),
(1428, 1424, '信丰县'),
(1429, 1424, '大余县'),
(1430, 1424, '上犹县'),
(1431, 1424, '崇义县'),
(1432, 1424, '安远县'),
(1433, 1424, '龙南县'),
(1434, 1424, '定南县'),
(1435, 1424, '全南县'),
(1436, 1424, '宁都县'),
(1437, 1424, '于都县'),
(1438, 1424, '兴国县'),
(1439, 1424, '会昌县'),
(1440, 1424, '寻乌县'),
(1441, 1424, '石城县'),
(1442, 1424, '瑞金市'),
(1443, 1424, '南康市'),
(1444, 1376, '吉安'),
(1445, 1444, '市辖区'),
(1446, 1444, '吉州区'),
(1447, 1444, '青原区'),
(1448, 1444, '吉安县'),
(1449, 1444, '吉水县'),
(1450, 1444, '峡江县'),
(1451, 1444, '新干县'),
(1452, 1444, '永丰县'),
(1453, 1444, '泰和县'),
(1454, 1444, '遂川县'),
(1455, 1444, '万安县'),
(1456, 1444, '安福县'),
(1457, 1444, '永新县'),
(1458, 1444, '井冈山市'),
(1459, 1376, '宜春'),
(1460, 1459, '市辖区'),
(1461, 1459, '袁州区'),
(1462, 1459, '奉新县'),
(1463, 1459, '万载县'),
(1464, 1459, '上高县'),
(1465, 1459, '宜丰县'),
(1466, 1459, '靖安县'),
(1467, 1459, '铜鼓县'),
(1468, 1459, '丰城市'),
(1469, 1459, '樟树市'),
(1470, 1459, '高安市'),
(1471, 1376, '抚州'),
(1472, 1471, '市辖区'),
(1473, 1471, '临川区'),
(1474, 1471, '南城县'),
(1475, 1471, '黎川县'),
(1476, 1471, '南丰县'),
(1477, 1471, '崇仁县'),
(1478, 1471, '乐安县'),
(1479, 1471, '宜黄县'),
(1480, 1471, '金溪县'),
(1481, 1471, '资溪县'),
(1482, 1471, '东乡县'),
(1483, 1471, '广昌县'),
(1484, 1376, '上饶'),
(1485, 1484, '市辖区'),
(1486, 1484, '信州区'),
(1487, 1484, '上饶县'),
(1488, 1484, '广丰县'),
(1489, 1484, '玉山县'),
(1490, 1484, '铅山县'),
(1491, 1484, '横峰县'),
(1492, 1484, '弋阳县'),
(1493, 1484, '余干县'),
(1494, 1484, '波阳县'),
(1495, 1484, '万年县'),
(1496, 1484, '婺源县'),
(1497, 1484, '德兴市'),
(1498, 0, '山东'),
(1499, 1498, '济南'),
(1500, 1499, '市辖区'),
(1501, 1499, '历下区'),
(1502, 1499, '市中区'),
(1503, 1499, '槐荫区'),
(1504, 1499, '天桥区'),
(1505, 1499, '历城区'),
(1506, 1499, '长清县'),
(1507, 1499, '平阴县'),
(1508, 1499, '济阳县'),
(1509, 1499, '商河县'),
(1510, 1499, '章丘市'),
(1511, 1498, '青岛'),
(1512, 1511, '市辖区'),
(1513, 1511, '市南区'),
(1514, 1511, '市北区'),
(1515, 1511, '四方区'),
(1516, 1511, '黄岛区'),
(1517, 1511, '崂山区'),
(1518, 1511, '李沧区'),
(1519, 1511, '城阳区'),
(1520, 1511, '胶州市'),
(1521, 1511, '即墨市'),
(1522, 1511, '平度市'),
(1523, 1511, '胶南市'),
(1524, 1511, '莱西市'),
(1525, 1498, '淄博'),
(1526, 1525, '市辖区'),
(1527, 1525, '淄川区'),
(1528, 1525, '张店区'),
(1529, 1525, '博山区'),
(1530, 1525, '临淄区'),
(1531, 1525, '周村区'),
(1532, 1525, '桓台县'),
(1533, 1525, '高青县'),
(1534, 1525, '沂源县'),
(1535, 1498, '枣庄'),
(1536, 1535, '市辖区'),
(1537, 1535, '市中区'),
(1538, 1535, '薛城区'),
(1539, 1535, '峄城区'),
(1540, 1535, '台儿庄区'),
(1541, 1535, '山亭区'),
(1542, 1535, '滕州市'),
(1543, 1498, '东营'),
(1544, 1543, '市辖区'),
(1545, 1543, '东营区'),
(1546, 1543, '河口区'),
(1547, 1543, '垦利县'),
(1548, 1543, '利津县'),
(1549, 1543, '广饶县'),
(1550, 1498, '烟台'),
(1551, 1550, '市辖区'),
(1552, 1550, '芝罘区'),
(1553, 1550, '福山区'),
(1554, 1550, '牟平区'),
(1555, 1550, '莱山区'),
(1556, 1550, '长岛县'),
(1557, 1550, '龙口市'),
(1558, 1550, '莱阳市'),
(1559, 1550, '莱州市'),
(1560, 1550, '蓬莱市'),
(1561, 1550, '招远市'),
(1562, 1550, '栖霞市'),
(1563, 1550, '海阳市'),
(1564, 1498, '潍坊'),
(1565, 1564, '市辖区'),
(1566, 1564, '潍城区'),
(1567, 1564, '寒亭区'),
(1568, 1564, '坊子区'),
(1569, 1564, '奎文区'),
(1570, 1564, '临朐县'),
(1571, 1564, '昌乐县'),
(1572, 1564, '青州市'),
(1573, 1564, '诸城市'),
(1574, 1564, '寿光市'),
(1575, 1564, '安丘市'),
(1576, 1564, '高密市'),
(1577, 1564, '昌邑市'),
(1578, 1498, '济宁'),
(1579, 1578, '市辖区'),
(1580, 1578, '市中区'),
(1581, 1578, '任城区'),
(1582, 1578, '微山县'),
(1583, 1578, '鱼台县'),
(1584, 1578, '金乡县'),
(1585, 1578, '嘉祥县'),
(1586, 1578, '汶上县'),
(1587, 1578, '泗水县'),
(1588, 1578, '梁山县'),
(1589, 1578, '曲阜市'),
(1590, 1578, '兖州市'),
(1591, 1578, '邹城市'),
(1592, 1498, '泰安'),
(1593, 1592, '市辖区'),
(1594, 1592, '泰山区'),
(1595, 1592, '岱岳区'),
(1596, 1592, '宁阳县'),
(1597, 1592, '东平县'),
(1598, 1592, '新泰市'),
(1599, 1592, '肥城市'),
(1600, 1498, '威海'),
(1601, 1600, '市辖区'),
(1602, 1600, '环翠区'),
(1603, 1600, '文登市'),
(1604, 1600, '荣成市'),
(1605, 1600, '乳山市'),
(1606, 1498, '日照'),
(1607, 1606, '市辖区'),
(1608, 1606, '东港区'),
(1609, 1606, '五莲县'),
(1610, 1606, '莒  县'),
(1611, 1498, '莱芜'),
(1612, 1611, '市辖区'),
(1613, 1611, '莱城区'),
(1614, 1611, '钢城区'),
(1615, 1498, '临沂'),
(1616, 1615, '市辖区'),
(1617, 1615, '兰山区'),
(1618, 1615, '罗庄区'),
(1619, 1615, '河东区'),
(1620, 1615, '沂南县'),
(1621, 1615, '郯城县'),
(1622, 1615, '沂水县'),
(1623, 1615, '苍山县'),
(1624, 1615, '费  县'),
(1625, 1615, '平邑县'),
(1626, 1615, '莒南县'),
(1627, 1615, '蒙阴县'),
(1628, 1615, '临沭县'),
(1629, 1498, '德州'),
(1630, 1629, '市辖区'),
(1631, 1629, '德城区'),
(1632, 1629, '陵  县'),
(1633, 1629, '宁津县'),
(1634, 1629, '庆云县'),
(1635, 1629, '临邑县'),
(1636, 1629, '齐河县'),
(1637, 1629, '平原县'),
(1638, 1629, '夏津县'),
(1639, 1629, '武城县'),
(1640, 1629, '乐陵市'),
(1641, 1629, '禹城市'),
(1642, 1498, '聊城'),
(1643, 1642, '市辖区'),
(1644, 1642, '东昌府区'),
(1645, 1642, '阳谷县'),
(1646, 1642, '莘  县'),
(1647, 1642, '茌平县'),
(1648, 1642, '东阿县'),
(1649, 1642, '冠  县'),
(1650, 1642, '高唐县'),
(1651, 1642, '临清市'),
(1652, 1498, '滨州'),
(1653, 1652, '市辖区'),
(1654, 1652, '滨城区'),
(1655, 1652, '惠民县'),
(1656, 1652, '阳信县'),
(1657, 1652, '无棣县'),
(1658, 1652, '沾化县'),
(1659, 1652, '博兴县'),
(1660, 1652, '邹平县'),
(1661, 1498, '菏泽'),
(1662, 1661, '市辖区'),
(1663, 1661, '牡丹区'),
(1664, 1661, '曹  县'),
(1665, 1661, '单  县'),
(1666, 1661, '成武县'),
(1667, 1661, '巨野县'),
(1668, 1661, '郓城县'),
(1669, 1661, '鄄城县'),
(1670, 1661, '定陶县'),
(1671, 1661, '东明县'),
(1672, 0, '河南'),
(1673, 1672, '郑州'),
(1674, 1673, '市辖区'),
(1675, 1673, '中原区'),
(1676, 1673, '二七区'),
(1677, 1673, '管城回族区'),
(1678, 1673, '金水区'),
(1679, 1673, '上街区'),
(1680, 1673, '邙山区'),
(1681, 1673, '中牟县'),
(1682, 1673, '巩义市'),
(1683, 1673, '荥阳市'),
(1684, 1673, '新密市'),
(1685, 1673, '新郑市'),
(1686, 1673, '登封市'),
(1687, 1672, '开封'),
(1688, 1687, '市辖区'),
(1689, 1687, '龙亭区'),
(1690, 1687, '顺河回族区'),
(1691, 1687, '鼓楼区'),
(1692, 1687, '南关区'),
(1693, 1687, '郊  区'),
(1694, 1687, '杞  县'),
(1695, 1687, '通许县'),
(1696, 1687, '尉氏县'),
(1697, 1687, '开封县'),
(1698, 1687, '兰考县'),
(1699, 1672, '洛阳'),
(1700, 1699, '市辖区'),
(1701, 1699, '老城区'),
(1702, 1699, '西工区'),
(1703, 1699, '廛河回族区'),
(1704, 1699, '涧西区'),
(1705, 1699, '吉利区'),
(1706, 1699, '洛龙区'),
(1707, 1699, '孟津县'),
(1708, 1699, '新安县'),
(1709, 1699, '栾川县'),
(1710, 1699, '嵩  县'),
(1711, 1699, '汝阳县'),
(1712, 1699, '宜阳县'),
(1713, 1699, '洛宁县'),
(1714, 1699, '伊川县'),
(1715, 1699, '偃师市'),
(1716, 1672, '平顶山'),
(1717, 1716, '市辖区'),
(1718, 1716, '新华区'),
(1719, 1716, '卫东区'),
(1720, 1716, '石龙区'),
(1721, 1716, '湛河区'),
(1722, 1716, '宝丰县'),
(1723, 1716, '叶  县'),
(1724, 1716, '鲁山县'),
(1725, 1716, '郏  县'),
(1726, 1716, '舞钢市'),
(1727, 1716, '汝州市'),
(1728, 1672, '安阳'),
(1729, 1728, '市辖区'),
(1730, 1728, '文峰区'),
(1731, 1728, '北关区'),
(1732, 1728, '铁西区'),
(1733, 1728, '郊  区'),
(1734, 1728, '安阳县'),
(1735, 1728, '汤阴县'),
(1736, 1728, '滑  县'),
(1737, 1728, '内黄县'),
(1738, 1728, '林州市'),
(1739, 1672, '鹤壁'),
(1740, 1739, '市辖区'),
(1741, 1739, '鹤山区'),
(1742, 1739, '山城区'),
(1743, 1739, '郊  区'),
(1744, 1739, '浚  县'),
(1745, 1739, '淇  县'),
(1746, 1672, '新乡'),
(1747, 1746, '市辖区'),
(1748, 1746, '红旗区'),
(1749, 1746, '新华区'),
(1750, 1746, '北站区'),
(1751, 1746, '郊  区'),
(1752, 1746, '新乡县'),
(1753, 1746, '获嘉县'),
(1754, 1746, '原阳县'),
(1755, 1746, '延津县'),
(1756, 1746, '封丘县'),
(1757, 1746, '长垣县'),
(1758, 1746, '卫辉市'),
(1759, 1746, '辉县市'),
(1760, 1672, '焦作'),
(1761, 1760, '市辖区'),
(1762, 1760, '解放区'),
(1763, 1760, '中站区'),
(1764, 1760, '马村区'),
(1765, 1760, '山阳区'),
(1766, 1760, '修武县'),
(1767, 1760, '博爱县'),
(1768, 1760, '武陟县'),
(1769, 1760, '温  县'),
(1770, 1760, '济源市'),
(1771, 1760, '沁阳市'),
(1772, 1760, '孟州市'),
(1773, 1672, '濮阳'),
(1774, 1773, '市辖区'),
(1775, 1773, '市  区'),
(1776, 1773, '清丰县'),
(1777, 1773, '南乐县'),
(1778, 1773, '范  县'),
(1779, 1773, '台前县'),
(1780, 1773, '濮阳县'),
(1781, 1672, '许昌'),
(1782, 1781, '市辖区'),
(1783, 1781, '魏都区'),
(1784, 1781, '许昌县'),
(1785, 1781, '鄢陵县'),
(1786, 1781, '襄城县'),
(1787, 1781, '禹州市'),
(1788, 1781, '长葛市'),
(1789, 1672, '漯河'),
(1790, 1789, '市辖区'),
(1791, 1789, '源汇区'),
(1792, 1789, '舞阳县'),
(1793, 1789, '临颍县'),
(1794, 1789, '郾城县'),
(1795, 1672, '三门峡'),
(1796, 1795, '市辖区'),
(1797, 1795, '湖滨区'),
(1798, 1795, '渑池县'),
(1799, 1795, '陕  县'),
(1800, 1795, '卢氏县'),
(1801, 1795, '义马市'),
(1802, 1795, '灵宝市'),
(1803, 1672, '南阳'),
(1804, 1803, '市辖区'),
(1805, 1803, '宛城区'),
(1806, 1803, '卧龙区'),
(1807, 1803, '南召县'),
(1808, 1803, '方城县'),
(1809, 1803, '西峡县'),
(1810, 1803, '镇平县'),
(1811, 1803, '内乡县'),
(1812, 1803, '淅川县'),
(1813, 1803, '社旗县'),
(1814, 1803, '唐河县'),
(1815, 1803, '新野县'),
(1816, 1803, '桐柏县'),
(1817, 1803, '邓州市'),
(1818, 1672, '商丘'),
(1819, 1818, '市辖区'),
(1820, 1818, '梁园区'),
(1821, 1818, '睢阳区'),
(1822, 1818, '民权县'),
(1823, 1818, '睢  县'),
(1824, 1818, '宁陵县'),
(1825, 1818, '柘城县'),
(1826, 1818, '虞城县'),
(1827, 1818, '夏邑县'),
(1828, 1818, '永城市'),
(1829, 1672, '信阳'),
(1830, 1829, '市辖区'),
(1831, 1829, '师河区'),
(1832, 1829, '平桥区'),
(1833, 1829, '罗山县'),
(1834, 1829, '光山县'),
(1835, 1829, '新  县'),
(1836, 1829, '商城县'),
(1837, 1829, '固始县'),
(1838, 1829, '潢川县'),
(1839, 1829, '淮滨县'),
(1840, 1829, '息  县'),
(1841, 1672, '周口'),
(1842, 1841, '市辖区'),
(1843, 1841, '川汇区'),
(1844, 1841, '扶沟县'),
(1845, 1841, '西华县'),
(1846, 1841, '商水县'),
(1847, 1841, '沈丘县'),
(1848, 1841, '郸城县'),
(1849, 1841, '淮阳县'),
(1850, 1841, '太康县'),
(1851, 1841, '鹿邑县'),
(1852, 1841, '项城市'),
(1853, 1672, '驻马店'),
(1854, 1853, '市辖区'),
(1855, 1853, '驿城区'),
(1856, 1853, '西平县'),
(1857, 1853, '上蔡县'),
(1858, 1853, '平舆县'),
(1859, 1853, '正阳县'),
(1860, 1853, '确山县'),
(1861, 1853, '泌阳县'),
(1862, 1853, '汝南县'),
(1863, 1853, '遂平县'),
(1864, 1853, '新蔡县'),
(1865, 0, '湖北'),
(1866, 1865, '武汉'),
(1867, 1866, '市辖区'),
(1868, 1866, '江岸区'),
(1869, 1866, '江汉区'),
(1870, 1866, '乔口区'),
(1871, 1866, '汉阳区'),
(1872, 1866, '武昌区'),
(1873, 1866, '青山区'),
(1874, 1866, '洪山区'),
(1875, 1866, '东西湖区'),
(1876, 1866, '汉南区'),
(1877, 1866, '蔡甸区'),
(1878, 1866, '江夏区'),
(1879, 1866, '黄陂区'),
(1880, 1866, '新洲区'),
(1881, 1865, '黄石'),
(1882, 1881, '市辖区'),
(1883, 1881, '黄石港区'),
(1884, 1881, '石灰窑区'),
(1885, 1881, '下陆区'),
(1886, 1881, '铁山区'),
(1887, 1881, '阳新县'),
(1888, 1881, '大冶市'),
(1889, 1865, '十堰'),
(1890, 1889, '市辖区'),
(1891, 1889, '茅箭区'),
(1892, 1889, '张湾区'),
(1893, 1889, '郧  县'),
(1894, 1889, '郧西县'),
(1895, 1889, '竹山县'),
(1896, 1889, '竹溪县'),
(1897, 1889, '房  县'),
(1898, 1889, '丹江口市'),
(1899, 1865, '宜昌'),
(1900, 1899, '市辖区'),
(1901, 1899, '西陵区'),
(1902, 1899, '伍家岗区'),
(1903, 1899, '点军区'),
(1904, 1899, '虎亭区'),
(1905, 1899, '宜昌县'),
(1906, 1899, '远安县'),
(1907, 1899, '兴山县'),
(1908, 1899, '秭归县'),
(1909, 1899, '长阳土家族自治县'),
(1910, 1899, '五峰土家族自治县'),
(1911, 1899, '宜都市'),
(1912, 1899, '当阳市'),
(1913, 1899, '枝江市'),
(1914, 1865, '襄樊'),
(1915, 1914, '市辖区'),
(1916, 1914, '襄城区'),
(1917, 1914, '樊城区'),
(1918, 1914, '襄阳县'),
(1919, 1914, '南漳县'),
(1920, 1914, '谷城县'),
(1921, 1914, '保康县'),
(1922, 1914, '老河口市'),
(1923, 1914, '枣阳市'),
(1924, 1914, '宜城市'),
(1925, 1865, '鄂州'),
(1926, 1925, '市辖区'),
(1927, 1925, '梁子湖区'),
(1928, 1925, '华容区'),
(1929, 1925, '鄂城区'),
(1930, 1865, '荆门'),
(1931, 1930, '市辖区'),
(1932, 1930, '东宝区'),
(1933, 1930, '京山县'),
(1934, 1930, '沙洋县'),
(1935, 1930, '钟祥市'),
(1936, 1865, '孝感'),
(1937, 1936, '市辖区'),
(1938, 1936, '孝南区'),
(1939, 1936, '孝昌县'),
(1940, 1936, '大悟县'),
(1941, 1936, '云梦县'),
(1942, 1936, '应城市'),
(1943, 1936, '安陆市'),
(1944, 1936, '汉川市'),
(1945, 1865, '荆州'),
(1946, 1945, '市辖区'),
(1947, 1945, '沙市区'),
(1948, 1945, '荆州区'),
(1949, 1945, '公安县'),
(1950, 1945, '监利县'),
(1951, 1945, '江陵县'),
(1952, 1945, '石首市'),
(1953, 1945, '洪湖市'),
(1954, 1945, '松滋市'),
(1955, 1865, '黄冈'),
(1956, 1955, '市辖区'),
(1957, 1955, '黄州区'),
(1958, 1955, '团风县'),
(1959, 1955, '红安县'),
(1960, 1955, '罗田县'),
(1961, 1955, '英山县'),
(1962, 1955, '浠水县'),
(1963, 1955, '蕲春县'),
(1964, 1955, '黄梅县'),
(1965, 1955, '麻城市'),
(1966, 1955, '武穴市'),
(1967, 1865, '咸宁'),
(1968, 1967, '市辖区'),
(1969, 1967, '咸安区'),
(1970, 1967, '嘉鱼县'),
(1971, 1967, '通城县'),
(1972, 1967, '崇阳县'),
(1973, 1967, '通山县'),
(1974, 1967, '赤壁市'),
(1975, 1865, '随州'),
(1976, 1975, '市辖区'),
(1977, 1975, '曾都区'),
(1978, 1975, '广水市'),
(1980, 1979, '恩施市'),
(1981, 1979, '利川市'),
(1982, 1979, '建始县'),
(1983, 1979, '巴东县'),
(1984, 1979, '宣恩县'),
(1985, 1979, '咸丰县'),
(1986, 1979, '来凤县'),
(1987, 1979, '鹤峰县'),
(1988, 1865, '省直辖行政单位'),
(1989, 1988, '仙桃市'),
(1990, 1988, '潜江市'),
(1991, 1988, '天门市'),
(1992, 1988, '神农架林区'),
(1993, 0, '湖南'),
(1994, 1993, '长沙'),
(1995, 1994, '市辖区'),
(1996, 1994, '芙蓉区'),
(1997, 1994, '天心区'),
(1998, 1994, '岳麓区'),
(1999, 1994, '开福区'),
(2000, 1994, '雨花区'),
(2001, 1994, '长沙县'),
(2002, 1994, '望城县'),
(2003, 1994, '宁乡县'),
(2004, 1994, '浏阳市'),
(2005, 1993, '株洲'),
(2006, 2005, '市辖区'),
(2007, 2005, '荷塘区'),
(2008, 2005, '芦淞区'),
(2009, 2005, '石峰区'),
(2010, 2005, '天元区'),
(2011, 2005, '株洲县'),
(2012, 2005, '攸  县'),
(2013, 2005, '茶陵县'),
(2014, 2005, '炎陵县'),
(2015, 2005, '醴陵市'),
(2016, 1993, '湘潭'),
(2017, 2016, '市辖区'),
(2018, 2016, '雨湖区'),
(2019, 2016, '岳塘区'),
(2020, 2016, '湘潭县'),
(2021, 2016, '湘乡市'),
(2022, 2016, '韶山市'),
(2023, 1993, '衡阳'),
(2024, 2023, '市辖区'),
(2025, 2023, '江东区'),
(2026, 2023, '城南区'),
(2027, 2023, '城北区'),
(2028, 2023, '郊   区'),
(2029, 2023, '南岳区'),
(2030, 2023, '衡阳县'),
(2031, 2023, '衡南县'),
(2032, 2023, '衡山县'),
(2033, 2023, '衡东县'),
(2034, 2023, '祁东县'),
(2035, 2023, '耒阳市'),
(2036, 2023, '常宁市'),
(2037, 1993, '邵阳'),
(2038, 2037, '市辖区'),
(2039, 2037, '双清区'),
(2040, 2037, '大祥区'),
(2041, 2037, '北塔区'),
(2042, 2037, '邵东县'),
(2043, 2037, '新邵县'),
(2044, 2037, '邵阳县'),
(2045, 2037, '隆回县'),
(2046, 2037, '洞口县'),
(2047, 2037, '绥宁县'),
(2048, 2037, '新宁县'),
(2049, 2037, '城步苗族自治县'),
(2050, 2037, '武冈市'),
(2051, 1993, '岳阳'),
(2052, 2051, '市辖区'),
(2053, 2051, '岳阳楼区'),
(2054, 2051, '云溪区'),
(2055, 2051, '君山区'),
(2056, 2051, '岳阳县'),
(2057, 2051, '华容县'),
(2058, 2051, '湘阴县'),
(2059, 2051, '平江县'),
(2060, 2051, '汨罗市'),
(2061, 2051, '临湘市'),
(2062, 1993, '常德'),
(2063, 2062, '市辖区'),
(2064, 2062, '武陵区'),
(2065, 2062, '鼎城区'),
(2066, 2062, '安乡县'),
(2067, 2062, '汉寿县'),
(2068, 2062, '澧  县'),
(2069, 2062, '临澧县'),
(2070, 2062, '桃源县'),
(2071, 2062, '石门县'),
(2072, 2062, '津市市'),
(2073, 1993, '张家界'),
(2074, 2073, '市辖区'),
(2075, 2073, '永定区'),
(2076, 2073, '武陵源区'),
(2077, 2073, '慈利县'),
(2078, 2073, '桑植县'),
(2079, 1993, '益阳'),
(2080, 2079, '市辖区'),
(2081, 2079, '资阳区'),
(2082, 2079, '赫山区');
INSERT INTO `bjyadmin_province_city_area` (`id`, `pid`, `name`) VALUES
(2083, 2079, '南  县'),
(2084, 2079, '桃江县'),
(2085, 2079, '安化县'),
(2086, 2079, '沅江市'),
(2087, 1993, '郴州'),
(2088, 2087, '市辖区'),
(2089, 2087, '北湖区'),
(2090, 2087, '苏仙区'),
(2091, 2087, '桂阳县'),
(2092, 2087, '宜章县'),
(2093, 2087, '永兴县'),
(2094, 2087, '嘉禾县'),
(2095, 2087, '临武县'),
(2096, 2087, '汝城县'),
(2097, 2087, '桂东县'),
(2098, 2087, '安仁县'),
(2099, 2087, '资兴市'),
(2100, 1993, '永州'),
(2101, 2100, '市辖区'),
(2102, 2100, '芝山区'),
(2103, 2100, '冷水滩区'),
(2104, 2100, '祁阳县'),
(2105, 2100, '东安县'),
(2106, 2100, '双牌县'),
(2107, 2100, '道  县'),
(2108, 2100, '江永县'),
(2109, 2100, '宁远县'),
(2110, 2100, '蓝山县'),
(2111, 2100, '新田县'),
(2112, 2100, '江华瑶族自治县'),
(2113, 1993, '怀化'),
(2114, 2113, '市辖区'),
(2115, 2113, '鹤城区'),
(2116, 2113, '中方县'),
(2117, 2113, '沅陵县'),
(2118, 2113, '辰溪县'),
(2119, 2113, '溆浦县'),
(2120, 2113, '会同县'),
(2121, 2113, '麻阳苗族自治县'),
(2122, 2113, '新晃侗族自治县'),
(2123, 2113, '芷江侗族自治县'),
(2125, 2113, '通道侗族自治县'),
(2126, 2113, '洪江市'),
(2127, 1993, '娄底'),
(2128, 2127, '市辖区'),
(2129, 2127, '娄星区'),
(2130, 2127, '双峰县'),
(2131, 2127, '新化县'),
(2132, 2127, '冷水江市'),
(2133, 2127, '涟源市'),
(2135, 2134, '吉首市'),
(2136, 2134, '泸溪县'),
(2137, 2134, '凤凰县'),
(2138, 2134, '花垣县'),
(2139, 2134, '保靖县'),
(2140, 2134, '古丈县'),
(2141, 2134, '永顺县'),
(2142, 2134, '龙山县'),
(2143, 0, '广东'),
(2144, 2143, '广州'),
(2145, 2144, '市辖区'),
(2146, 2144, '东山区'),
(2147, 2144, '荔湾区'),
(2148, 2144, '越秀区'),
(2149, 2144, '海珠区'),
(2150, 2144, '天河区'),
(2151, 2144, '芳村区'),
(2152, 2144, '白云区'),
(2153, 2144, '黄埔区'),
(2154, 2144, '番禺区'),
(2155, 2144, '花都区'),
(2156, 2144, '增城市'),
(2157, 2144, '从化市'),
(2158, 2143, '韶关'),
(2159, 2158, '市辖区'),
(2160, 2158, '北江区'),
(2161, 2158, '武江区'),
(2162, 2158, '浈江区'),
(2163, 2158, '曲江县'),
(2164, 2158, '始兴县'),
(2165, 2158, '仁化县'),
(2166, 2158, '翁源县'),
(2167, 2158, '乳源瑶族自治县'),
(2168, 2158, '新丰县'),
(2169, 2158, '乐昌市'),
(2170, 2158, '南雄市'),
(2171, 2143, '深圳'),
(2172, 2171, '市辖区'),
(2173, 2171, '罗湖区'),
(2174, 2171, '福田区'),
(2175, 2171, '南山区'),
(2176, 2171, '宝安区'),
(2177, 2171, '龙岗区'),
(2178, 2171, '盐田区'),
(2179, 2143, '珠海'),
(2180, 2179, '市辖区'),
(2181, 2179, '香洲区'),
(2182, 2179, '斗门县'),
(2183, 2143, '汕头'),
(2184, 2183, '市辖区'),
(2185, 2183, '达濠区'),
(2186, 2183, '龙湖区'),
(2187, 2183, '金园区'),
(2188, 2183, '升平区'),
(2189, 2183, '河浦区'),
(2190, 2183, '南澳县'),
(2191, 2183, '潮阳市'),
(2192, 2183, '澄海市'),
(2193, 2143, '佛山'),
(2194, 2193, '市辖区'),
(2195, 2193, '城  区'),
(2196, 2193, '石湾区'),
(2197, 2193, '顺德市'),
(2198, 2193, '南海市'),
(2199, 2193, '三水市'),
(2200, 2193, '高明市'),
(2201, 2143, '江门'),
(2202, 2201, '市辖区'),
(2203, 2201, '蓬江区'),
(2204, 2201, '江海区'),
(2205, 2201, '台山市'),
(2206, 2201, '新会市'),
(2207, 2201, '开平市'),
(2208, 2201, '鹤山市'),
(2209, 2201, '恩平市'),
(2210, 2143, '湛江'),
(2211, 2210, '市辖区'),
(2212, 2210, '赤坎区'),
(2213, 2210, '霞山区'),
(2214, 2210, '坡头区'),
(2215, 2210, '麻章区'),
(2216, 2210, '遂溪县'),
(2217, 2210, '徐闻县'),
(2218, 2210, '廉江市'),
(2219, 2210, '雷州市'),
(2220, 2210, '吴川市'),
(2221, 2143, '茂名'),
(2222, 2221, '市辖区'),
(2223, 2221, '茂南区'),
(2224, 2221, '电白县'),
(2225, 2221, '高州市'),
(2226, 2221, '化州市'),
(2227, 2221, '信宜市'),
(2228, 2143, '肇庆'),
(2229, 2228, '市辖区'),
(2230, 2228, '端州区'),
(2231, 2228, '鼎湖区'),
(2232, 2228, '广宁县'),
(2233, 2228, '怀集县'),
(2234, 2228, '封开县'),
(2235, 2228, '德庆县'),
(2236, 2228, '高要市'),
(2237, 2228, '四会市'),
(2238, 2143, '惠州'),
(2239, 2238, '市辖区'),
(2240, 2238, '惠城区'),
(2241, 2238, '博罗县'),
(2242, 2238, '惠东县'),
(2243, 2238, '龙门县'),
(2244, 2238, '惠阳市'),
(2245, 2143, '梅州'),
(2246, 2245, '市辖区'),
(2247, 2245, '梅江区'),
(2248, 2245, '梅  县'),
(2249, 2245, '大埔县'),
(2250, 2245, '丰顺县'),
(2251, 2245, '五华县'),
(2252, 2245, '平远县'),
(2253, 2245, '蕉岭县'),
(2254, 2245, '兴宁市'),
(2255, 2143, '汕尾'),
(2256, 2255, '市辖区'),
(2257, 2255, '城  区'),
(2258, 2255, '海丰县'),
(2259, 2255, '陆河县'),
(2260, 2255, '陆丰市'),
(2261, 2143, '河源'),
(2262, 2261, '市辖区'),
(2263, 2261, '源城区'),
(2264, 2261, '紫金县'),
(2265, 2261, '龙川县'),
(2266, 2261, '连平县'),
(2267, 2261, '和平县'),
(2268, 2261, '东源县'),
(2269, 2143, '阳江'),
(2270, 2269, '市辖区'),
(2271, 2269, '江城区'),
(2272, 2269, '阳西县'),
(2273, 2269, '阳东县'),
(2274, 2269, '阳春市'),
(2275, 2143, '清远'),
(2276, 2275, '市辖区'),
(2277, 2275, '清城区'),
(2278, 2275, '佛冈县'),
(2279, 2275, '阳山县'),
(2281, 2275, '连南瑶族自治县'),
(2282, 2275, '清新县'),
(2283, 2275, '英德市'),
(2284, 2275, '连州市'),
(2285, 2143, '东莞'),
(2286, 2285, '莞城区'),
(2287, 2285, '东城区'),
(2288, 2285, '南城区'),
(2289, 2285, '万江区'),
(2290, 2143, '中山'),
(2291, 2290, '石岐区'),
(2292, 2290, '东区'),
(2293, 2290, '西区'),
(2294, 2290, '南区'),
(2295, 2290, '五桂山'),
(2296, 2143, '潮州'),
(2297, 2296, '市辖区'),
(2298, 2296, '湘桥区'),
(2299, 2296, '潮安县'),
(2300, 2296, '饶平县'),
(2301, 2143, '揭阳'),
(2302, 2301, '市辖区'),
(2303, 2301, '榕城区'),
(2304, 2301, '揭东县'),
(2305, 2301, '揭西县'),
(2306, 2301, '惠来县'),
(2307, 2301, '普宁市'),
(2308, 2143, '云浮'),
(2309, 2308, '市辖区'),
(2310, 2308, '云城区'),
(2311, 2308, '新兴县'),
(2312, 2308, '郁南县'),
(2313, 2308, '云安县'),
(2314, 2308, '罗定市'),
(2315, 0, '广西'),
(2316, 2315, '南宁'),
(2317, 2316, '市辖区'),
(2318, 2316, '兴宁区'),
(2319, 2316, '新城区'),
(2320, 2316, '城北区'),
(2321, 2316, '江南区'),
(2322, 2316, '永新区'),
(2323, 2316, '市郊区'),
(2324, 2316, '邕宁县'),
(2325, 2316, '武鸣县'),
(2326, 2315, '柳州'),
(2327, 2326, '市辖区'),
(2328, 2326, '城中区'),
(2329, 2326, '鱼峰区'),
(2330, 2326, '柳南区'),
(2331, 2326, '柳北区'),
(2332, 2326, '市郊区'),
(2333, 2326, '柳江县'),
(2334, 2326, '柳城县'),
(2335, 2315, '桂林'),
(2336, 2335, '市辖区'),
(2337, 2335, '秀峰区'),
(2338, 2335, '叠彩区'),
(2339, 2335, '象山区'),
(2340, 2335, '七星区'),
(2341, 2335, '雁山区'),
(2342, 2335, '阳朔县'),
(2343, 2335, '临桂县'),
(2344, 2335, '灵川县'),
(2345, 2335, '全州县'),
(2346, 2335, '兴安县'),
(2347, 2335, '永福县'),
(2348, 2335, '灌阳县'),
(2349, 2335, '龙胜各县自治区'),
(2350, 2335, '资源县'),
(2351, 2335, '平乐县'),
(2352, 2335, '荔蒲县'),
(2353, 2335, '恭城瑶族自治县'),
(2354, 2315, '梧州'),
(2355, 2354, '市辖区'),
(2356, 2354, '万秀区'),
(2357, 2354, '蝶山区'),
(2358, 2354, '市郊区'),
(2359, 2354, '苍梧县'),
(2360, 2354, '藤  县'),
(2361, 2354, '蒙山县'),
(2362, 2354, '岑溪市'),
(2363, 2315, '北海'),
(2364, 2363, '市辖区'),
(2365, 2363, '海城区'),
(2366, 2363, '银海区'),
(2367, 2363, '铁山港区'),
(2368, 2363, '合浦县'),
(2369, 2315, '防城港'),
(2370, 2369, '市辖区'),
(2371, 2369, '港口区'),
(2372, 2369, '防城区'),
(2373, 2369, '上思县'),
(2374, 2369, '东兴市'),
(2375, 2315, '钦州'),
(2376, 2375, '市辖区'),
(2377, 2375, '钦南区'),
(2378, 2375, '钦北区'),
(2379, 2375, '浦北县'),
(2380, 2375, '灵山县'),
(2381, 2315, '贵港'),
(2382, 2381, '市辖区'),
(2383, 2381, '港北区'),
(2384, 2381, '港南区'),
(2385, 2381, '平南县'),
(2386, 2381, '桂平市'),
(2387, 2315, '玉林'),
(2388, 2387, '市辖区'),
(2389, 2387, '玉州区'),
(2390, 2387, '容  县'),
(2391, 2387, '陆川县'),
(2392, 2387, '博白县'),
(2393, 2387, '兴业县'),
(2394, 2387, '北流市'),
(2395, 2315, '南宁地区'),
(2396, 2395, '凭祥市'),
(2397, 2395, '横  县'),
(2398, 2395, '宾阳县'),
(2399, 2395, '上林县'),
(2400, 2395, '隆安县'),
(2401, 2395, '马山县'),
(2402, 2395, '扶绥县'),
(2403, 2395, '崇左县'),
(2404, 2395, '大新县'),
(2405, 2395, '天等县'),
(2406, 2395, '宁明县'),
(2407, 2395, '龙州县'),
(2408, 2315, '柳州地区'),
(2409, 2408, '合山市'),
(2410, 2408, '鹿寨县'),
(2411, 2408, '象州县'),
(2412, 2408, '武宣县'),
(2413, 2408, '来宾县'),
(2414, 2408, '融安县'),
(2415, 2408, '三江侗族自治县'),
(2416, 2408, '融水苗族自治县'),
(2417, 2408, '金秀瑶族自治县'),
(2418, 2408, '忻城县'),
(2419, 2315, '贺州地区'),
(2420, 2419, '贺州市'),
(2421, 2419, '昭平县'),
(2422, 2419, '钟山县'),
(2423, 2419, '富川瑶族自治县'),
(2424, 2315, '百色地区'),
(2425, 2424, '百色市'),
(2426, 2424, '田阳县'),
(2427, 2424, '田东县'),
(2428, 2424, '平果县'),
(2429, 2424, '德保县'),
(2430, 2424, '靖西县'),
(2431, 2424, '那坡县'),
(2432, 2424, '凌云县'),
(2433, 2424, '乐业县'),
(2434, 2424, '田林县'),
(2435, 2424, '隆林各族自治县'),
(2436, 2424, '西林县'),
(2437, 2315, '河池地区'),
(2438, 2437, '河池市'),
(2439, 2437, '宜州市'),
(2440, 2437, '罗城仫佬族自治县'),
(2441, 2437, '环江毛南族自治县'),
(2442, 2437, '南丹县'),
(2443, 2437, '天峨县'),
(2444, 2437, '凤山县'),
(2445, 2437, '东兰县'),
(2446, 2437, '巴马瑶族自治县'),
(2447, 2437, '都安瑶族自治县'),
(2448, 2437, '大化瑶族自治县'),
(2449, 0, '海南'),
(2450, 2449, '海南'),
(2451, 2450, '通什市'),
(2452, 2450, '琼海市'),
(2453, 2450, '儋州市'),
(2454, 2450, '琼山市'),
(2455, 2450, '文昌市'),
(2456, 2450, '万宁市'),
(2457, 2450, '东方市'),
(2458, 2450, '定安县'),
(2459, 2450, '屯昌县'),
(2460, 2450, '澄迈县'),
(2461, 2450, '临高县'),
(2462, 2450, '白沙黎族自治县'),
(2463, 2450, '昌江黎族自治县'),
(2464, 2450, '乐东黎族自治县'),
(2465, 2450, '陵水黎族自治县'),
(2468, 2450, '西沙群岛'),
(2469, 2450, '南沙群岛'),
(2471, 2449, '海口'),
(2472, 2471, '市辖区'),
(2473, 2471, '振东区'),
(2474, 2471, '新华区'),
(2475, 2471, '秀英区'),
(2476, 2449, '三亚'),
(2477, 2476, '市辖区'),
(2478, 0, '重庆'),
(2479, 2478, '重庆市辖'),
(2480, 2479, '万州区'),
(2481, 2479, '涪陵区'),
(2482, 2479, '渝中区'),
(2483, 2479, '大渡口区'),
(2484, 2479, '江北区'),
(2485, 2479, '沙坪坝区'),
(2486, 2479, '九龙坡区'),
(2487, 2479, '南岸区'),
(2488, 2479, '北碚区'),
(2489, 2479, '万盛区'),
(2490, 2479, '双桥区'),
(2491, 2479, '渝北区'),
(2492, 2479, '巴南区'),
(2493, 2479, '黔江区'),
(2494, 2478, '重庆县辖'),
(2495, 2494, '长寿县'),
(2496, 2494, '綦江县'),
(2497, 2494, '潼南县'),
(2498, 2494, '铜梁县'),
(2499, 2494, '大足县'),
(2500, 2494, '荣昌县'),
(2501, 2494, '璧山县'),
(2502, 2494, '梁平县'),
(2503, 2494, '城口县'),
(2504, 2494, '丰都县'),
(2505, 2494, '垫江县'),
(2506, 2494, '武隆县'),
(2507, 2494, '忠  县'),
(2508, 2494, '开  县'),
(2509, 2494, '云阳县'),
(2510, 2494, '奉节县'),
(2511, 2494, '巫山县'),
(2512, 2494, '巫溪县'),
(2513, 2494, '石柱土家族自治县'),
(2517, 2478, '重庆县级'),
(2518, 2517, '江津市'),
(2519, 2517, '合川市'),
(2520, 2517, '永川市'),
(2521, 2517, '南川市'),
(2522, 0, '四川'),
(2523, 2522, '成都'),
(2524, 2523, '市辖区'),
(2525, 2523, '高新区'),
(2526, 2523, '锦江区'),
(2527, 2523, '青羊区'),
(2528, 2523, '金牛区'),
(2529, 2523, '武侯区'),
(2530, 2523, '成华区'),
(2531, 2523, '龙泉驿区'),
(2532, 2523, '青白江区'),
(2533, 2523, '金堂县'),
(2534, 2523, '双流县'),
(2535, 2523, '温江县'),
(2536, 2523, '郫  县'),
(2537, 2523, '新都县'),
(2538, 2523, '大邑县'),
(2539, 2523, '蒲江县'),
(2540, 2523, '新津县'),
(2541, 2523, '都江堰市'),
(2542, 2523, '彭州市'),
(2543, 2523, '邛崃市'),
(2544, 2523, '崇州市'),
(2545, 2522, '自贡'),
(2546, 2545, '市辖区'),
(2547, 2545, '自流井区'),
(2548, 2545, '贡井区'),
(2549, 2545, '大安区'),
(2550, 2545, '沿滩区'),
(2551, 2545, '荣  县'),
(2552, 2545, '富顺县'),
(2553, 2522, '攀枝花'),
(2554, 2553, '市辖区'),
(2555, 2553, '东  区'),
(2556, 2553, '西  区'),
(2557, 2553, '仁和区'),
(2558, 2553, '米易县'),
(2559, 2553, '盐边县'),
(2560, 2522, '泸州'),
(2561, 2560, '市辖区'),
(2562, 2560, '江阳区'),
(2563, 2560, '纳溪区'),
(2564, 2560, '龙马潭区'),
(2565, 2560, '泸  县'),
(2566, 2560, '合江县'),
(2567, 2560, '叙永县'),
(2568, 2560, '古蔺县'),
(2569, 2522, '德阳'),
(2570, 2569, '市辖区'),
(2571, 2569, '旌阳区'),
(2572, 2569, '中江县'),
(2573, 2569, '罗江县'),
(2574, 2569, '广汉市'),
(2575, 2569, '什邡市'),
(2576, 2569, '绵竹市'),
(2577, 2522, '绵阳'),
(2578, 2577, '市辖区'),
(2579, 2577, '涪城区'),
(2580, 2577, '游仙区'),
(2581, 2577, '科学城区'),
(2582, 2577, '三台县'),
(2583, 2577, '盐亭县'),
(2584, 2577, '安  县'),
(2585, 2577, '梓潼县'),
(2586, 2577, '北川县'),
(2587, 2577, '平武县'),
(2588, 2577, '江油市'),
(2589, 2522, '广元'),
(2590, 2589, '市辖区'),
(2591, 2589, '市中区'),
(2592, 2589, '元坝区'),
(2593, 2589, '朝天区'),
(2594, 2589, '旺苍县'),
(2595, 2589, '青川县'),
(2596, 2589, '剑阁县'),
(2597, 2589, '苍溪县'),
(2598, 2522, '遂宁'),
(2599, 2598, '市辖区'),
(2600, 2598, '市中区'),
(2601, 2598, '蓬溪县'),
(2602, 2598, '射洪县'),
(2603, 2598, '大英县'),
(2604, 2522, '内江'),
(2605, 2604, '市辖区'),
(2606, 2604, '市中区'),
(2607, 2604, '东兴区'),
(2608, 2604, '威远县'),
(2609, 2604, '资中县'),
(2610, 2604, '隆昌县'),
(2611, 2522, '乐山'),
(2612, 2611, '市辖区'),
(2613, 2611, '市中区'),
(2614, 2611, '沙湾区'),
(2615, 2611, '五通桥区'),
(2616, 2611, '金口河区'),
(2617, 2611, '犍为县'),
(2618, 2611, '井研县'),
(2619, 2611, '夹江县'),
(2620, 2611, '沐川县'),
(2621, 2611, '峨边彝族自治县'),
(2622, 2611, '马边彝族自治县'),
(2623, 2611, '峨眉山市'),
(2624, 2522, '南充'),
(2625, 2624, '市辖区'),
(2626, 2624, '顺庆区'),
(2627, 2624, '高坪区'),
(2628, 2624, '嘉陵区'),
(2629, 2624, '南部县'),
(2630, 2624, '营山县'),
(2631, 2624, '蓬安县'),
(2632, 2624, '仪陇县'),
(2633, 2624, '西充县'),
(2634, 2624, '阆中市'),
(2635, 2522, '眉山'),
(2636, 2635, '市辖区'),
(2637, 2635, '东坡区'),
(2638, 2635, '仁寿县'),
(2639, 2635, '彭山县'),
(2640, 2635, '洪雅县'),
(2641, 2635, '丹棱县'),
(2642, 2635, '青神县'),
(2643, 2522, '宜宾'),
(2644, 2643, '市辖区'),
(2645, 2643, '翠屏区'),
(2646, 2643, '宜宾县'),
(2647, 2643, '南溪县'),
(2648, 2643, '江安县'),
(2649, 2643, '长宁县'),
(2650, 2643, '高  县'),
(2651, 2643, '珙  县'),
(2652, 2643, '筠连县'),
(2653, 2643, '兴文县'),
(2654, 2643, '屏山县'),
(2655, 2522, '广安'),
(2656, 2655, '市辖区'),
(2657, 2655, '广安区'),
(2658, 2655, '岳池县'),
(2659, 2655, '武胜县'),
(2660, 2655, '邻水县'),
(2661, 2655, '华蓥市'),
(2662, 2522, '达州'),
(2663, 2662, '市辖区'),
(2664, 2662, '通川区'),
(2665, 2662, '达  县'),
(2666, 2662, '宣汉县'),
(2667, 2662, '开江县'),
(2668, 2662, '大竹县'),
(2669, 2662, '渠  县'),
(2670, 2662, '万源市'),
(2671, 2522, '雅安'),
(2672, 2671, '市辖区'),
(2673, 2671, '雨城区'),
(2674, 2671, '名山县'),
(2675, 2671, '荥经县'),
(2676, 2671, '汉源县'),
(2677, 2671, '石棉县'),
(2678, 2671, '天全县'),
(2679, 2671, '芦山县'),
(2680, 2671, '宝兴县'),
(2681, 2522, '巴中'),
(2682, 2681, '市辖区'),
(2683, 2681, '巴州区'),
(2684, 2681, '通江县'),
(2685, 2681, '南江县'),
(2686, 2681, '平昌县'),
(2687, 2522, '资阳'),
(2688, 2687, '市辖区'),
(2689, 2687, '雁江区'),
(2690, 2687, '安岳县'),
(2691, 2687, '乐至县'),
(2692, 2687, '简阳市'),
(2694, 2693, '汶川县'),
(2695, 2693, '理  县'),
(2696, 2693, '茂  县'),
(2697, 2693, '松潘县'),
(2698, 2693, '九寨沟县'),
(2699, 2693, '金川县'),
(2700, 2693, '小金县'),
(2701, 2693, '黑水县'),
(2702, 2693, '马尔康县'),
(2703, 2693, '壤塘县'),
(2704, 2693, '阿坝县'),
(2705, 2693, '若尔盖县'),
(2706, 2693, '红原县'),
(2707, 2522, '甘孜藏族自治州'),
(2708, 2707, '康定县'),
(2709, 2707, '泸定县'),
(2710, 2707, '丹巴县'),
(2711, 2707, '九龙县'),
(2712, 2707, '雅江县'),
(2713, 2707, '道孚县'),
(2714, 2707, '炉霍县'),
(2715, 2707, '甘孜县'),
(2716, 2707, '新龙县'),
(2717, 2707, '德格县'),
(2718, 2707, '白玉县'),
(2719, 2707, '石渠县'),
(2720, 2707, '色达县'),
(2721, 2707, '理塘县'),
(2722, 2707, '巴塘县'),
(2723, 2707, '乡城县'),
(2724, 2707, '稻城县'),
(2725, 2707, '得荣县'),
(2726, 2522, '凉山彝族自治州'),
(2727, 2726, '西昌市'),
(2728, 2726, '木里藏族自治县'),
(2729, 2726, '盐源县'),
(2730, 2726, '德昌县'),
(2731, 2726, '会理县'),
(2732, 2726, '会东县'),
(2733, 2726, '宁南县'),
(2734, 2726, '普格县'),
(2735, 2726, '布拖县'),
(2736, 2726, '金阳县'),
(2737, 2726, '昭觉县'),
(2738, 2726, '喜德县'),
(2739, 2726, '冕宁县'),
(2740, 2726, '越西县'),
(2741, 2726, '甘洛县'),
(2742, 2726, '美姑县'),
(2743, 2726, '雷波县'),
(2744, 0, '贵州'),
(2745, 2744, '贵阳'),
(2746, 2745, '市辖区'),
(2747, 2745, '南明区'),
(2748, 2745, '云岩区'),
(2749, 2745, '花溪区'),
(2750, 2745, '乌当区'),
(2751, 2745, '白云区'),
(2752, 2745, '小河区'),
(2753, 2745, '开阳县'),
(2754, 2745, '息烽县'),
(2755, 2745, '修文县'),
(2756, 2745, '清镇市'),
(2757, 2744, '六盘水'),
(2758, 2757, '钟山区'),
(2759, 2757, '六枝特区'),
(2760, 2757, '水城县'),
(2761, 2757, '盘  县'),
(2762, 2744, '遵义'),
(2763, 2762, '市辖区'),
(2764, 2762, '红花岗区'),
(2765, 2762, '遵义县'),
(2766, 2762, '桐梓县'),
(2767, 2762, '绥阳县'),
(2768, 2762, '正安县'),
(2771, 2762, '凤冈县'),
(2772, 2762, '湄潭县'),
(2773, 2762, '余庆县'),
(2774, 2762, '习水县'),
(2775, 2762, '赤水市'),
(2776, 2762, '仁怀市'),
(2777, 2744, '安顺'),
(2778, 2777, '市辖区'),
(2779, 2777, '西秀区'),
(2780, 2777, '平坝县'),
(2781, 2777, '普定县'),
(2785, 2744, '铜仁地区'),
(2786, 2785, '铜仁市'),
(2787, 2785, '江口县'),
(2788, 2785, '玉屏侗族自治县'),
(2789, 2785, '石阡县'),
(2790, 2785, '思南县'),
(2792, 2785, '德江县'),
(2793, 2785, '沿河土家族自治县'),
(2794, 2785, '松桃苗族自治县'),
(2795, 2785, '万山特区'),
(2797, 2796, '兴义市'),
(2798, 2796, '兴仁县'),
(2799, 2796, '普安县'),
(2800, 2796, '晴隆县'),
(2801, 2796, '贞丰县'),
(2802, 2796, '望谟县'),
(2803, 2796, '册亨县'),
(2804, 2796, '安龙县'),
(2805, 2744, '毕节地区'),
(2806, 2805, '毕节市'),
(2807, 2805, '大方县'),
(2808, 2805, '黔西县'),
(2809, 2805, '金沙县'),
(2810, 2805, '织金县'),
(2811, 2805, '纳雍县'),
(2813, 2805, '赫章县'),
(2815, 2814, '凯里市'),
(2816, 2814, '黄平县'),
(2817, 2814, '施秉县'),
(2818, 2814, '三穗县'),
(2819, 2814, '镇远县'),
(2820, 2814, '岑巩县'),
(2821, 2814, '天柱县'),
(2822, 2814, '锦屏县'),
(2823, 2814, '剑河县'),
(2824, 2814, '台江县'),
(2825, 2814, '黎平县'),
(2826, 2814, '榕江县'),
(2827, 2814, '从江县'),
(2828, 2814, '雷山县'),
(2829, 2814, '麻江县'),
(2830, 2814, '丹寨县'),
(2832, 2831, '都匀市'),
(2833, 2831, '福泉市'),
(2834, 2831, '荔波县'),
(2835, 2831, '贵定县'),
(2836, 2831, '瓮安县'),
(2837, 2831, '独山县'),
(2838, 2831, '平塘县'),
(2839, 2831, '罗甸县'),
(2840, 2831, '长顺县'),
(2841, 2831, '龙里县'),
(2842, 2831, '惠水县'),
(2843, 2831, '三都水族自治县'),
(2844, 0, '云南'),
(2845, 2844, '昆明'),
(2846, 2845, '市辖区'),
(2847, 2845, '五华区'),
(2848, 2845, '盘龙区'),
(2849, 2845, '官渡区'),
(2850, 2845, '西山区'),
(2851, 2845, '东川区'),
(2852, 2845, '呈贡县'),
(2853, 2845, '晋宁县'),
(2854, 2845, '富民县'),
(2855, 2845, '宜良县'),
(2856, 2845, '石林彝族自治县'),
(2857, 2845, '嵩明县'),
(2860, 2845, '安宁市'),
(2861, 2844, '曲靖'),
(2862, 2861, '市辖区'),
(2863, 2861, '麒麟区'),
(2864, 2861, '马龙县'),
(2865, 2861, '陆良县'),
(2866, 2861, '师宗县'),
(2867, 2861, '罗平县'),
(2868, 2861, '富源县'),
(2869, 2861, '会泽县'),
(2870, 2861, '沾益县'),
(2871, 2861, '宣威市'),
(2872, 2844, '玉溪'),
(2873, 2872, '市辖区'),
(2874, 2872, '红塔区'),
(2875, 2872, '江川县'),
(2876, 2872, '澄江县'),
(2877, 2872, '通海县'),
(2878, 2872, '华宁县'),
(2879, 2872, '易门县'),
(2880, 2872, '峨山彝族自治县'),
(2883, 2844, '保山'),
(2884, 2883, '市辖区'),
(2885, 2883, '隆阳区'),
(2886, 2883, '施甸县'),
(2887, 2883, '腾冲县'),
(2888, 2883, '龙陵县'),
(2889, 2883, '昌宁县'),
(2890, 2844, '昭通地区'),
(2891, 2890, '昭通市'),
(2892, 2890, '鲁甸县'),
(2893, 2890, '巧家县'),
(2894, 2890, '盐津县'),
(2895, 2890, '大关县'),
(2896, 2890, '永善县'),
(2897, 2890, '绥江县'),
(2898, 2890, '镇雄县'),
(2899, 2890, '彝良县'),
(2900, 2890, '威信县'),
(2901, 2890, '水富县'),
(2902, 2844, '楚雄彝族自治州'),
(2903, 2902, '楚雄市'),
(2904, 2902, '双柏县'),
(2905, 2902, '牟定县'),
(2906, 2902, '南华县'),
(2907, 2902, '姚安县'),
(2908, 2902, '大姚县'),
(2909, 2902, '永仁县'),
(2910, 2902, '元谋县'),
(2911, 2902, '武定县'),
(2912, 2902, '禄丰县'),
(2914, 2913, '个旧市'),
(2915, 2913, '开远市'),
(2916, 2913, '蒙自县'),
(2917, 2913, '屏边苗族自治县'),
(2918, 2913, '建水县'),
(2919, 2913, '石屏县'),
(2920, 2913, '弥勒县'),
(2921, 2913, '泸西县'),
(2922, 2913, '元阳县'),
(2923, 2913, '红河县'),
(2925, 2913, '绿春县'),
(2926, 2913, '河口瑶族自治县'),
(2928, 2927, '文山县'),
(2929, 2927, '砚山县'),
(2930, 2927, '西畴县'),
(2931, 2927, '麻栗坡县'),
(2932, 2927, '马关县'),
(2933, 2927, '丘北县'),
(2934, 2927, '广南县'),
(2935, 2927, '富宁县'),
(2936, 2844, '思茅地区'),
(2937, 2936, '思茅市'),
(2939, 2936, '墨江哈尼族自治县'),
(2940, 2936, '景东彝族自治县'),
(2945, 2936, '澜沧拉祜族自治县'),
(2946, 2936, '西盟佤族自治县'),
(2948, 2947, '景洪市'),
(2949, 2947, '勐海县'),
(2950, 2947, '勐腊县'),
(2951, 2844, '大理白族自治州'),
(2952, 2951, '大理市'),
(2953, 2951, '漾濞彝族自治县'),
(2954, 2951, '祥云县'),
(2955, 2951, '宾川县'),
(2956, 2951, '弥渡县'),
(2957, 2951, '南涧彝族自治县'),
(2959, 2951, '永平县'),
(2960, 2951, '云龙县'),
(2961, 2951, '洱源县'),
(2962, 2951, '剑川县'),
(2963, 2951, '鹤庆县'),
(2965, 2964, '瑞丽市'),
(2966, 2964, '潞西市'),
(2967, 2964, '梁河县'),
(2968, 2964, '盈江县'),
(2969, 2964, '陇川县'),
(2970, 2844, '丽江地区'),
(2971, 2970, '丽江纳西族自治县'),
(2972, 2970, '永胜县'),
(2973, 2970, '华坪县'),
(2974, 2970, '宁蒗彝族自治县'),
(2975, 2844, '怒江傈僳族自治州'),
(2976, 2975, '泸水县'),
(2977, 2975, '福贡县'),
(2980, 2844, '迪庆藏族自治州'),
(2981, 2980, '中甸县'),
(2982, 2980, '德钦县'),
(2983, 2980, '维西傈僳族自治县'),
(2984, 2844, '临沧地区'),
(2985, 2984, '临沧县'),
(2986, 2984, '凤庆县'),
(2987, 2984, '云  县'),
(2988, 2984, '永德县'),
(2989, 2984, '镇康县'),
(2992, 2984, '沧源佤族自治县'),
(2993, 0, '西藏'),
(2994, 2993, '拉萨'),
(2995, 2994, '市辖区'),
(2996, 2994, '城关区'),
(2997, 2994, '林周县'),
(2998, 2994, '当雄县'),
(2999, 2994, '尼木县'),
(3000, 2994, '曲水县'),
(3001, 2994, '堆龙德庆县'),
(3002, 2994, '达孜县'),
(3003, 2994, '墨竹工卡县'),
(3004, 2993, '昌都地区'),
(3005, 3004, '昌都县'),
(3006, 3004, '江达县'),
(3007, 3004, '贡觉县'),
(3008, 3004, '类乌齐县'),
(3009, 3004, '丁青县'),
(3010, 3004, '察雅县'),
(3011, 3004, '八宿县'),
(3012, 3004, '左贡县'),
(3013, 3004, '芒康县'),
(3014, 3004, '洛隆县'),
(3015, 3004, '边坝县'),
(3016, 2993, '山南地区'),
(3017, 3016, '乃东县'),
(3018, 3016, '扎囊县'),
(3019, 3016, '贡嘎县'),
(3020, 3016, '桑日县'),
(3021, 3016, '琼结县'),
(3022, 3016, '曲松县'),
(3023, 3016, '措美县'),
(3024, 3016, '洛扎县'),
(3025, 3016, '加查县'),
(3026, 3016, '隆子县'),
(3027, 3016, '错那县'),
(3028, 3016, '浪卡子县'),
(3029, 2993, '日喀则地区'),
(3030, 3029, '日喀则市'),
(3031, 3029, '南木林县'),
(3032, 3029, '江孜县'),
(3033, 3029, '定日县'),
(3034, 3029, '萨迦县'),
(3035, 3029, '拉孜县'),
(3036, 3029, '昂仁县'),
(3037, 3029, '谢通门县'),
(3038, 3029, '白朗县'),
(3039, 3029, '仁布县'),
(3040, 3029, '康马县'),
(3041, 3029, '定结县'),
(3042, 3029, '仲巴县'),
(3043, 3029, '亚东县'),
(3044, 3029, '吉隆县'),
(3045, 3029, '聂拉木县'),
(3046, 3029, '萨嘎县'),
(3047, 3029, '岗巴县'),
(3048, 2993, '那曲地区'),
(3049, 3048, '那曲县'),
(3050, 3048, '嘉黎县'),
(3051, 3048, '比如县'),
(3052, 3048, '聂荣县'),
(3053, 3048, '安多县'),
(3054, 3048, '申扎县'),
(3055, 3048, '索  县'),
(3056, 3048, '班戈县'),
(3057, 3048, '巴青县'),
(3058, 3048, '尼玛县'),
(3059, 2993, '阿里地区'),
(3060, 3059, '普兰县'),
(3061, 3059, '札达县'),
(3062, 3059, '噶尔县'),
(3063, 3059, '日土县'),
(3064, 3059, '革吉县'),
(3065, 3059, '改则县'),
(3066, 3059, '措勤县'),
(3067, 2993, '林芝地区'),
(3068, 3067, '林芝县'),
(3069, 3067, '工布江达县'),
(3070, 3067, '米林县'),
(3071, 3067, '墨脱县'),
(3072, 3067, '波密县'),
(3073, 3067, '察隅县'),
(3074, 3067, '朗  县'),
(3075, 0, '陕西'),
(3076, 3075, '西安'),
(3077, 3076, '市辖区'),
(3078, 3076, '新城区'),
(3079, 3076, '碑林区'),
(3080, 3076, '莲湖区'),
(3081, 3076, '灞桥区'),
(3082, 3076, '未央区'),
(3083, 3076, '雁塔区'),
(3084, 3076, '阎良区'),
(3085, 3076, '临潼区'),
(3086, 3076, '长安县'),
(3087, 3076, '蓝田县'),
(3088, 3076, '周至县'),
(3089, 3076, '户  县'),
(3090, 3076, '高陵县'),
(3091, 3075, '铜川'),
(3092, 3091, '市辖区'),
(3093, 3091, '王益区'),
(3094, 3091, '印台区'),
(3095, 3091, '耀  县'),
(3096, 3091, '宜君县'),
(3097, 3075, '宝鸡'),
(3098, 3097, '市辖区'),
(3099, 3097, '渭滨区'),
(3100, 3097, '金台区'),
(3101, 3097, '宝鸡县'),
(3102, 3097, '凤翔县'),
(3103, 3097, '岐山县'),
(3104, 3097, '扶风县'),
(3105, 3097, '眉  县'),
(3106, 3097, '陇  县'),
(3107, 3097, '千阳县'),
(3108, 3097, '麟游县'),
(3109, 3097, '凤  县'),
(3110, 3097, '太白县'),
(3111, 3075, '咸阳'),
(3112, 3111, '市辖区'),
(3113, 3111, '秦都区'),
(3114, 3111, '杨陵区'),
(3115, 3111, '渭城区'),
(3116, 3111, '三原县'),
(3117, 3111, '泾阳县'),
(3118, 3111, '乾  县'),
(3119, 3111, '礼泉县'),
(3120, 3111, '永寿县'),
(3121, 3111, '彬  县'),
(3122, 3111, '长武县'),
(3123, 3111, '旬邑县'),
(3124, 3111, '淳化县'),
(3125, 3111, '武功县'),
(3126, 3111, '兴平市'),
(3127, 3075, '渭南'),
(3128, 3127, '市辖区'),
(3129, 3127, '临渭区'),
(3130, 3127, '华  县'),
(3131, 3127, '潼关县'),
(3132, 3127, '大荔县'),
(3133, 3127, '合阳县'),
(3134, 3127, '澄城县'),
(3135, 3127, '蒲城县'),
(3136, 3127, '白水县'),
(3137, 3127, '富平县'),
(3138, 3127, '韩城市'),
(3139, 3127, '华阴市'),
(3140, 3075, '延安'),
(3141, 3140, '市辖区'),
(3142, 3140, '宝塔区'),
(3143, 3140, '延长县'),
(3144, 3140, '延川县'),
(3145, 3140, '子长县'),
(3146, 3140, '安塞县'),
(3147, 3140, '志丹县'),
(3148, 3140, '吴旗县'),
(3149, 3140, '甘泉县'),
(3150, 3140, '富  县'),
(3151, 3140, '洛川县'),
(3152, 3140, '宜川县'),
(3153, 3140, '黄龙县'),
(3154, 3140, '黄陵县'),
(3155, 3075, '汉中'),
(3156, 3155, '市辖区'),
(3157, 3155, '汉台区'),
(3158, 3155, '南郑县'),
(3159, 3155, '城固县'),
(3160, 3155, '洋  县'),
(3161, 3155, '西乡县'),
(3162, 3155, '勉  县'),
(3163, 3155, '宁强县'),
(3164, 3155, '略阳县'),
(3165, 3155, '镇巴县'),
(3166, 3155, '留坝县'),
(3167, 3155, '佛坪县'),
(3168, 3075, '榆林'),
(3169, 3168, '市辖区'),
(3170, 3168, '榆阳区'),
(3171, 3168, '神木县'),
(3172, 3168, '府谷县'),
(3173, 3168, '横山县'),
(3174, 3168, '靖边县'),
(3175, 3168, '定边县'),
(3176, 3168, '绥德县'),
(3177, 3168, '米脂县'),
(3178, 3168, '佳  县'),
(3179, 3168, '吴堡县'),
(3180, 3168, '清涧县'),
(3181, 3168, '子洲县'),
(3182, 3075, '安康'),
(3183, 3182, '市辖区'),
(3184, 3182, '汉滨区'),
(3185, 3182, '汉阴县'),
(3186, 3182, '石泉县'),
(3187, 3182, '宁陕县'),
(3188, 3182, '紫阳县'),
(3189, 3182, '岚皋县'),
(3190, 3182, '平利县'),
(3191, 3182, '镇坪县'),
(3192, 3182, '旬阳县'),
(3193, 3182, '白河县'),
(3194, 3075, '商洛地区'),
(3195, 3194, '商州市'),
(3196, 3194, '洛南县'),
(3197, 3194, '丹凤县'),
(3198, 3194, '商南县'),
(3199, 3194, '山阳县'),
(3200, 3194, '镇安县'),
(3201, 3194, '柞水县'),
(3202, 0, '甘肃'),
(3203, 3202, '兰州'),
(3204, 3203, '市辖区'),
(3205, 3203, '城关区'),
(3206, 3203, '七里河区'),
(3207, 3203, '西固区'),
(3208, 3203, '安宁区'),
(3209, 3203, '红古区'),
(3210, 3203, '永登县'),
(3211, 3203, '皋兰县'),
(3212, 3203, '榆中县'),
(3213, 3202, '嘉峪关'),
(3214, 3213, '市辖区'),
(3215, 3202, '金昌'),
(3216, 3215, '市辖区'),
(3217, 3215, '金川区'),
(3218, 3215, '永昌县'),
(3219, 3202, '白银'),
(3220, 3219, '市辖区'),
(3221, 3219, '白银区'),
(3222, 3219, '平川区'),
(3223, 3219, '靖远县'),
(3224, 3219, '会宁县'),
(3225, 3219, '景泰县'),
(3226, 3202, '天水'),
(3227, 3226, '市辖区'),
(3228, 3226, '秦城区'),
(3229, 3226, '北道区'),
(3230, 3226, '清水县'),
(3231, 3226, '秦安县'),
(3232, 3226, '甘谷县'),
(3233, 3226, '武山县'),
(3234, 3226, '张家川回族自治县'),
(3235, 3202, '酒泉地区'),
(3236, 3235, '玉门市'),
(3237, 3235, '酒泉市'),
(3238, 3235, '敦煌市'),
(3239, 3235, '金塔县'),
(3240, 3235, '肃北蒙古族自治县'),
(3242, 3235, '安西县'),
(3243, 3202, '张掖地区'),
(3244, 3243, '张掖市'),
(3245, 3243, '肃南裕固族自治县'),
(3246, 3243, '民乐县'),
(3247, 3243, '临泽县'),
(3248, 3243, '高台县'),
(3249, 3243, '山丹县'),
(3250, 3202, '武威地区'),
(3251, 3250, '武威市'),
(3252, 3250, '民勤县'),
(3253, 3250, '古浪县'),
(3254, 3250, '天祝藏族自治县'),
(3255, 3202, '定西地区'),
(3256, 3255, '定西县'),
(3257, 3255, '通渭县'),
(3258, 3255, '陇西县'),
(3259, 3255, '渭源县'),
(3260, 3255, '临洮县'),
(3261, 3255, '漳  县'),
(3262, 3255, '岷  县'),
(3263, 3202, '陇南地区'),
(3264, 3263, '武都县'),
(3265, 3263, '宕昌县'),
(3266, 3263, '成  县'),
(3267, 3263, '康  县'),
(3268, 3263, '文  县'),
(3269, 3263, '西和县'),
(3270, 3263, '礼  县'),
(3271, 3263, '两当县'),
(3272, 3263, '徽  县'),
(3273, 3202, '平凉地区'),
(3274, 3273, '平凉市'),
(3275, 3273, '泾川县'),
(3276, 3273, '灵台县'),
(3277, 3273, '崇信县'),
(3278, 3273, '华亭县'),
(3279, 3273, '庄浪县'),
(3280, 3273, '静宁县'),
(3281, 3202, '庆阳地区'),
(3282, 3281, '西峰市'),
(3283, 3281, '庆阳县'),
(3284, 3281, '环  县'),
(3285, 3281, '华池县'),
(3286, 3281, '合水县'),
(3287, 3281, '正宁县'),
(3288, 3281, '宁  县'),
(3289, 3281, '镇原县'),
(3290, 3202, '临夏回族自治州'),
(3291, 3290, '临夏市'),
(3292, 3290, '临夏县'),
(3293, 3290, '康乐县'),
(3294, 3290, '永靖县'),
(3295, 3290, '广河县'),
(3296, 3290, '和政县'),
(3297, 3290, '东乡族自治县'),
(3299, 3202, '甘南藏族自治州'),
(3300, 3299, '合作市'),
(3301, 3299, '临潭县'),
(3302, 3299, '卓尼县'),
(3303, 3299, '舟曲县'),
(3304, 3299, '迭部县'),
(3305, 3299, '玛曲县'),
(3306, 3299, '碌曲县'),
(3307, 3299, '夏河县'),
(3308, 0, '青海'),
(3309, 3308, '西宁'),
(3310, 3309, '市辖区'),
(3311, 3309, '城东区'),
(3312, 3309, '城中区'),
(3313, 3309, '城西区'),
(3314, 3309, '城北区'),
(3316, 3309, '湟中县'),
(3317, 3309, '湟源县'),
(3318, 3308, '海东地区'),
(3319, 3318, '平安县'),
(3321, 3318, '乐都县'),
(3322, 3318, '互助土族自治县'),
(3323, 3318, '化隆回族自治县'),
(3324, 3318, '循化撒拉族自治县'),
(3325, 3308, '海北藏族自治州'),
(3326, 3325, '门源回族自治县'),
(3327, 3325, '祁连县'),
(3328, 3325, '海晏县'),
(3329, 3325, '刚察县'),
(3330, 3308, '黄南藏族自治州'),
(3331, 3330, '同仁县'),
(3332, 3330, '尖扎县'),
(3333, 3330, '泽库县'),
(3334, 3330, '河南蒙古族自治县'),
(3335, 3308, '海南藏族自治州'),
(3336, 3335, '共和县'),
(3337, 3335, '同德县'),
(3338, 3335, '贵德县'),
(3339, 3335, '兴海县'),
(3340, 3335, '贵南县'),
(3341, 3308, '果洛藏族自治州'),
(3342, 3341, '玛沁县'),
(3343, 3341, '班玛县'),
(3344, 3341, '甘德县'),
(3345, 3341, '达日县'),
(3346, 3341, '久治县'),
(3347, 3341, '玛多县'),
(3348, 3308, '玉树藏族自治州'),
(3349, 3348, '玉树县'),
(3350, 3348, '杂多县'),
(3351, 3348, '称多县'),
(3352, 3348, '治多县'),
(3353, 3348, '囊谦县'),
(3354, 3348, '曲麻莱县'),
(3356, 3355, '格尔木市'),
(3357, 3355, '德令哈市'),
(3358, 3355, '乌兰县'),
(3359, 3355, '都兰县'),
(3360, 3355, '天峻县'),
(3361, 0, '宁夏'),
(3362, 3361, '银川'),
(3363, 3362, '市辖区'),
(3364, 3362, '城  区'),
(3365, 3362, '新城区'),
(3366, 3362, '郊  区'),
(3367, 3362, '永宁县'),
(3368, 3362, '贺兰县'),
(3369, 3361, '石嘴山'),
(3370, 3369, '市辖区'),
(3371, 3369, '大武口区'),
(3372, 3369, '石嘴山区'),
(3373, 3369, '石炭井区'),
(3374, 3369, '平罗县'),
(3375, 3369, '陶乐县'),
(3376, 3369, '惠农县'),
(3377, 3361, '吴忠'),
(3378, 3377, '市辖区'),
(3379, 3377, '利通区'),
(3380, 3377, '中卫县'),
(3381, 3377, '中宁县'),
(3382, 3377, '盐池县'),
(3383, 3377, '同心县'),
(3384, 3377, '青铜峡市'),
(3385, 3377, '灵武市'),
(3386, 3361, '固原地区'),
(3387, 3386, '固原县'),
(3388, 3386, '海原县'),
(3389, 3386, '西吉县'),
(3390, 3386, '隆德县'),
(3391, 3386, '泾源县'),
(3392, 3386, '彭阳县'),
(3393, 0, '新疆'),
(3394, 3393, '乌鲁木齐'),
(3395, 3394, '市辖区'),
(3396, 3394, '天山区'),
(3397, 3394, '沙依巴克区'),
(3398, 3394, '新市区'),
(3399, 3394, '水磨沟区'),
(3400, 3394, '头屯河区'),
(3401, 3394, '南泉区'),
(3402, 3394, '东山区'),
(3403, 3394, '乌鲁木齐县'),
(3404, 3393, '克拉玛依'),
(3405, 3404, '市辖区'),
(3406, 3404, '独山子区'),
(3407, 3404, '克拉玛依区'),
(3408, 3404, '白碱滩区'),
(3409, 3404, '乌尔禾区'),
(3410, 3393, '吐鲁番地区'),
(3411, 3410, '吐鲁番市'),
(3412, 3410, '鄯善县'),
(3413, 3410, '托克逊县'),
(3414, 3393, '哈密地区'),
(3415, 3414, '哈密市'),
(3417, 3414, '伊吾县'),
(3418, 3393, '昌吉回族自治州'),
(3419, 3418, '昌吉市'),
(3420, 3418, '阜康市'),
(3421, 3418, '米泉市'),
(3422, 3418, '呼图壁县'),
(3423, 3418, '玛纳斯县'),
(3424, 3418, '奇台县'),
(3425, 3418, '吉木萨尔县'),
(3426, 3418, '木垒哈萨克自治县'),
(3428, 3427, '博乐市'),
(3429, 3427, '精河县'),
(3430, 3427, '温泉县'),
(3432, 3431, '库尔勒市'),
(3433, 3431, '轮台县'),
(3434, 3431, '尉犁县'),
(3435, 3431, '若羌县'),
(3436, 3431, '且末县'),
(3437, 3431, '焉耆回族自治县'),
(3438, 3431, '和静县'),
(3439, 3431, '和硕县'),
(3440, 3431, '博湖县'),
(3441, 3393, '阿克苏地区'),
(3442, 3441, '阿克苏市'),
(3443, 3441, '温宿县'),
(3444, 3441, '库车县'),
(3445, 3441, '沙雅县'),
(3446, 3441, '新和县'),
(3447, 3441, '拜城县'),
(3448, 3441, '乌什县'),
(3449, 3441, '阿瓦提县'),
(3450, 3441, '柯坪县'),
(3452, 3451, '阿图什市'),
(3453, 3451, '阿克陶县'),
(3454, 3451, '阿合奇县'),
(3455, 3451, '乌恰县'),
(3456, 3393, '喀什地区'),
(3457, 3456, '喀什市'),
(3458, 3456, '疏附县'),
(3459, 3456, '疏勒县'),
(3460, 3456, '英吉沙县'),
(3461, 3456, '泽普县'),
(3462, 3456, '莎车县'),
(3463, 3456, '叶城县'),
(3464, 3456, '麦盖提县'),
(3465, 3456, '岳普湖县'),
(3466, 3456, '伽师县'),
(3467, 3456, '巴楚县'),
(3469, 3393, '和田地区'),
(3470, 3469, '和田市'),
(3471, 3469, '和田县'),
(3472, 3469, '墨玉县'),
(3473, 3469, '皮山县'),
(3474, 3469, '洛浦县'),
(3475, 3469, '策勒县'),
(3476, 3469, '于田县'),
(3477, 3469, '民丰县'),
(3478, 3393, '伊犁哈萨克自治州'),
(3479, 3478, '奎屯市'),
(3480, 3393, '伊犁地区'),
(3481, 3480, '伊宁市'),
(3482, 3480, '伊宁县'),
(3484, 3480, '霍城县'),
(3485, 3480, '巩留县'),
(3486, 3480, '新源县'),
(3487, 3480, '昭苏县'),
(3488, 3480, '特克斯县'),
(3489, 3480, '尼勒克县'),
(3490, 3393, '塔城地区'),
(3491, 3490, '塔城市'),
(3492, 3490, '乌苏市'),
(3493, 3490, '额敏县'),
(3494, 3490, '沙湾县'),
(3495, 3490, '托里县'),
(3496, 3490, '裕民县'),
(3498, 3393, '阿勒泰地区'),
(3499, 3498, '阿勒泰市'),
(3500, 3498, '布尔津县'),
(3501, 3498, '富蕴县'),
(3502, 3498, '福海县'),
(3503, 3498, '哈巴河县'),
(3504, 3498, '青河县'),
(3505, 3498, '吉木乃县'),
(3506, 3393, '省直辖行政单位'),
(3507, 3506, '石河子市'),
(3508, 0, '台湾'),
(3509, 0, '香港'),
(3510, 0, '澳门');

-- --------------------------------------------------------

--
-- 表的结构 `bjyadmin_users`
--

CREATE TABLE IF NOT EXISTS `bjyadmin_users` (
  `id` int(11) unsigned NOT NULL AUTO_INCREMENT,
  `username` varchar(60) NOT NULL DEFAULT '' COMMENT '用户名',
  `password` varchar(64) NOT NULL DEFAULT '' COMMENT '登录密码；mb_password加密',
  `avatar` varchar(255) NOT NULL DEFAULT '' COMMENT '用户头像，相对于upload/avatar目录',
  `email` varchar(100) NOT NULL DEFAULT '' COMMENT '登录邮箱',
  `email_code` varchar(60) DEFAULT NULL COMMENT '激活码',
  `phone` bigint(11) unsigned DEFAULT NULL COMMENT '手机号',
  `status` tinyint(1) NOT NULL DEFAULT '2' COMMENT '用户状态 0：禁用； 1：正常 ；2：未验证',
  `register_time` int(10) unsigned NOT NULL DEFAULT '0' COMMENT '注册时间',
  `last_login_ip` varchar(16) NOT NULL DEFAULT '' COMMENT '最后登录ip',
  `last_login_time` int(10) unsigned NOT NULL COMMENT '最后登录时间',
  PRIMARY KEY (`id`),
  KEY `user_login_key` (`username`) USING BTREE
) ENGINE=InnoDB  DEFAULT CHARSET=utf8 AUTO_INCREMENT=90 ;

--
-- 转存表中的数据 `bjyadmin_users`
--

INSERT INTO `bjyadmin_users` (`id`, `username`, `password`, `avatar`, `email`, `email_code`, `phone`, `status`, `register_time`, `last_login_ip`, `last_login_time`) VALUES
(88, 'admin', 'e10adc3949ba59abbe56e057f20f883e', '/Upload/avatar/user1.jpg', '', '', NULL, 1, 1449199996, '', 0),
(89, 'admin2', 'e10adc3949ba59abbe56e057f20f883e', '/Upload/avatar/user2.jpg', '', '', NULL, 1, 1449199996, '', 0);

-- --------------------------------------------------------

--
-- 表的结构 `grade`
--

CREATE TABLE IF NOT EXISTS `grade` (
  `id` int(11) unsigned NOT NULL AUTO_INCREMENT COMMENT '班级主键',
  `name` varchar(100) DEFAULT NULL COMMENT '班级名称',
  `length` varchar(20) DEFAULT NULL COMMENT '学制',
  `price` int(11) DEFAULT NULL COMMENT '学费',
  `status` int(11) DEFAULT NULL COMMENT '是否启用',
  `create_time` int(11) DEFAULT NULL COMMENT '创建时间',
  `update_time` int(11) DEFAULT NULL COMMENT '更新时间',
  `delete_time` int(11) DEFAULT NULL COMMENT '删除时间',
  `is_delete` int(11) DEFAULT NULL COMMENT '允许删除',
  `student_id` int(11) DEFAULT NULL COMMENT '关联外键',
  PRIMARY KEY (`id`)
) ENGINE=MyISAM  DEFAULT CHARSET=utf8 AUTO_INCREMENT=6 ;

--
-- 转存表中的数据 `grade`
--

INSERT INTO `grade` (`id`, `name`, `length`, `price`, `status`, `create_time`, `update_time`, `delete_time`, `is_delete`, `student_id`) VALUES
(1, 'PHP开发工程师就业班', '6个月', 19800, 1, 1502242191, 1502335837, NULL, 1, NULL),
(2, '前端开发工程师提高班', '3个月', 6767, 1, 1502242191, 1502335837, NULL, 1, NULL),
(3, 'WEB开发全栈工程师班', '6个月', 28800, 1, 1502242191, 1502336083, NULL, 1, NULL),
(4, 'Java开发工程师提升班', '一年半', 3500, 1, 1502257693, 1502335837, NULL, 1, NULL),
(5, '平面设计高薪就业班', '6个月', 9800, 1, 1502334559, 1502335837, NULL, 1, NULL);

-- --------------------------------------------------------

--
-- 表的结构 `php_tbl`
--

CREATE TABLE IF NOT EXISTS `php_tbl` (
  `php_id` int(11) NOT NULL AUTO_INCREMENT,
  `php_title` varchar(100) NOT NULL,
  `php_author` varchar(40) NOT NULL,
  `submission_date` date DEFAULT NULL,
  PRIMARY KEY (`php_id`)
) ENGINE=MyISAM  DEFAULT CHARSET=utf8 AUTO_INCREMENT=2 ;

--
-- 转存表中的数据 `php_tbl`
--

INSERT INTO `php_tbl` (`php_id`, `php_title`, `php_author`, `submission_date`) VALUES
(1, 'study', 'Jim', NULL);

-- --------------------------------------------------------

--
-- 表的结构 `student`
--

CREATE TABLE IF NOT EXISTS `student` (
  `id` int(11) unsigned NOT NULL AUTO_INCREMENT COMMENT '主键',
  `name` varchar(50) DEFAULT NULL COMMENT '姓名',
  `sex` tinyint(4) DEFAULT NULL COMMENT '性别',
  `age` tinyint(4) unsigned DEFAULT NULL COMMENT '年龄',
  `mobile` varchar(20) DEFAULT NULL COMMENT '手机号',
  `email` varchar(100) DEFAULT NULL COMMENT '邮箱',
  `status` int(11) DEFAULT NULL COMMENT '当前状态',
  `start_time` int(11) DEFAULT NULL COMMENT '入学时间',
  `create_time` int(11) DEFAULT NULL COMMENT '创建时间',
  `update_time` int(11) DEFAULT NULL COMMENT '更新时间',
  `delete_time` int(11) DEFAULT NULL COMMENT '删除时间',
  `is_delete` int(11) DEFAULT NULL COMMENT '允许删除',
  `grade_id` int(11) DEFAULT NULL COMMENT '关联外键',
  PRIMARY KEY (`id`)
) ENGINE=MyISAM  DEFAULT CHARSET=utf8 AUTO_INCREMENT=14 ;

--
-- 转存表中的数据 `student`
--

INSERT INTO `student` (`id`, `name`, `sex`, `age`, `mobile`, `email`, `status`, `start_time`, `create_time`, `update_time`, `delete_time`, `is_delete`, `grade_id`) VALUES
(1, '杨过', 0, 67, '18966557788', 'yangguo@php.cn', 1, 1494345600, 1502326725, 1502343973, NULL, 1, 3),
(2, '小龙女', 0, 33, '13509897765', 'xiaolongnv@php.cn', 1, 1502326725, 1502326725, 1502343973, NULL, 1, 1),
(3, '尹志平', 1, 38, '17765336278', 'yizhiping@php.cn', 1, 1502326725, 1502326725, 1502343973, NULL, 1, 3),
(4, '老顽童', 1, 89, '15677281923', 'laowantong@php.cn', 1, 1502326725, 1502326725, 1502343973, NULL, 1, 2),
(5, '洪七公', 1, 78, '13389776234', 'hongqigong@php.cn', 1, 1502326725, 1502326725, 1502343973, NULL, 1, 2),
(6, '郭靖', 0, 26, '15766338726', 'guojin@php.cn', 1, 1502294400, 1502326725, 1502343973, NULL, 1, 1),
(7, '黄蓉', 0, 46, '18976227182', 'huangrong@php.cn', 0, 1502326725, 1502326725, 1502343973, NULL, 1, 1),
(8, '杨康', 1, 45, '13287009834', 'yangkang@php.cn', 0, 1502326725, 1502326725, 1502343973, NULL, 1, 3),
(9, '欧阳克', 1, 37, '13908772343', 'ouyangke@php.cn', 0, 1502326725, 1502326725, 1502343973, NULL, 1, 2),
(10, '张无忌', 1, 28, '15387298273', 'zhangwuji@php.cn', 1, 1502326725, 1502326725, 1502343973, NULL, 1, 2),
(11, '赵敏', 0, 26, '13987372937', 'zhaoming@php.cn', 1, 1502326725, 1502326725, 1502343973, NULL, 1, 3),
(12, '宋青书', 0, 22, '15806554328', 'songqinshu@php.cn', 1, 1494864000, 1502327784, 1502343973, NULL, 1, 2),
(13, '周芷若', 1, 20, '18977665544', 'zhouzhiruo@php.cn', 1, 1501948800, 1502343910, 1502343931, NULL, NULL, 5);

-- --------------------------------------------------------

--
-- 表的结构 `teacher`
--

CREATE TABLE IF NOT EXISTS `teacher` (
  `id` int(11) unsigned NOT NULL AUTO_INCREMENT COMMENT '主键',
  `name` varchar(50) DEFAULT NULL COMMENT '姓名',
  `degree` varchar(30) DEFAULT NULL COMMENT '学历',
  `mobile` varchar(20) DEFAULT NULL COMMENT '手机号',
  `school` varchar(50) DEFAULT NULL COMMENT '毕业学校',
  `hiredate` int(11) DEFAULT NULL COMMENT '入职时间',
  `create_time` int(11) DEFAULT NULL COMMENT '创建时间',
  `update_time` int(11) DEFAULT NULL COMMENT '更新时间',
  `delete_time` int(11) DEFAULT NULL COMMENT '删除标志',
  `is_delete` int(11) DEFAULT '1' COMMENT '允许删除',
  `status` int(11) DEFAULT NULL COMMENT '1启用0禁用',
  `grade_id` int(11) DEFAULT NULL COMMENT '外键',
  PRIMARY KEY (`id`)
) ENGINE=MyISAM  DEFAULT CHARSET=utf8 AUTO_INCREMENT=7 ;

--
-- 转存表中的数据 `teacher`
--

INSERT INTO `teacher` (`id`, `name`, `degree`, `mobile`, `school`, `hiredate`, `create_time`, `update_time`, `delete_time`, `is_delete`, `status`, `grade_id`) VALUES
(1, '朱老师', '2', '15705517878', '中国科技大学', 1420041600, 1970, 1502342345, NULL, 1, 1, 5),
(2, '李老师', '1', '13988995566', '合肥工业大学', 1466006400, 2017, 1502342345, NULL, 1, 1, 2),
(3, '洪老师', '1', '18955139988', '安徽大学', 1486310400, 2017, 1502342345, NULL, 1, 1, 1),
(5, '张老师', '1', '15805512377', '安徽师范大学', 1461254400, 2017, 1502342345, NULL, 1, 1, 5),
(6, '范老师', '1', '18976765533', '安徽理工大学', 1501948800, 1502272302, 1502342345, NULL, 1, 1, 4);

-- --------------------------------------------------------

--
-- 表的结构 `tp5shop_article`
--

CREATE TABLE IF NOT EXISTS `tp5shop_article` (
  `id` smallint(6) NOT NULL AUTO_INCREMENT,
  `title` varchar(255) CHARACTER SET utf8 DEFAULT NULL,
  `keywords` varchar(255) CHARACTER SET utf8 DEFAULT NULL,
  `description` varchar(255) CHARACTER SET utf8 DEFAULT NULL,
  `author` varchar(255) CHARACTER SET utf8 DEFAULT NULL,
  `email` varchar(255) CHARACTER SET utf8 DEFAULT NULL,
  `link_url` varchar(255) CHARACTER SET utf8 DEFAULT NULL,
  `thumb` varchar(255) CHARACTER SET utf8 DEFAULT NULL,
  `content` longtext CHARACTER SET utf8,
  `show_top` tinyint(255) DEFAULT '0',
  `show_status` tinyint(255) DEFAULT '1',
  `cate_id` smallint(6) DEFAULT NULL,
  `addtime` int(11) DEFAULT NULL,
  PRIMARY KEY (`id`)
) ENGINE=InnoDB  DEFAULT CHARSET=latin1 AUTO_INCREMENT=3 ;

--
-- 转存表中的数据 `tp5shop_article`
--

INSERT INTO `tp5shop_article` (`id`, `title`, `keywords`, `description`, `author`, `email`, `link_url`, `thumb`, `content`, `show_top`, `show_status`, `cate_id`, `addtime`) VALUES
(1, '测试', '测试', '测试', '测试', '测试', 'http://www.baidu.com', NULL, '<p>测试</p>', 1, 1, 9, 1522072145),
(2, '测试测试测试', '测试测试', '测试测试', '测试测试', '测试测试', 'http://www.dumingzhi.com', '20180329\\d6904a24616d8be89df0219ac016ed42.jpg', '<p>测试测试</p>', 0, 1, 8, 1522072190);

-- --------------------------------------------------------

--
-- 表的结构 `tp5shop_attr`
--

CREATE TABLE IF NOT EXISTS `tp5shop_attr` (
  `id` int(11) NOT NULL AUTO_INCREMENT,
  `attr_name` varchar(255) DEFAULT NULL,
  `attr_type` int(255) DEFAULT '1',
  `attr_values` varchar(255) DEFAULT NULL,
  `type_id` int(11) DEFAULT NULL,
  PRIMARY KEY (`id`)
) ENGINE=InnoDB  DEFAULT CHARSET=utf8 AUTO_INCREMENT=7 ;

--
-- 转存表中的数据 `tp5shop_attr`
--

INSERT INTO `tp5shop_attr` (`id`, `attr_name`, `attr_type`, `attr_values`, `type_id`) VALUES
(1, '颜色', 1, '白色,蓝色,黑色', 2),
(5, '123', 1, '123', 5),
(6, '2', 1, '2', 5);

-- --------------------------------------------------------

--
-- 表的结构 `tp5shop_brand`
--

CREATE TABLE IF NOT EXISTS `tp5shop_brand` (
  `id` mediumint(11) NOT NULL AUTO_INCREMENT,
  `brand_name` varchar(255) DEFAULT NULL,
  `brand_url` varchar(255) DEFAULT NULL,
  `brand_img` varchar(255) DEFAULT NULL,
  `brand_description` varchar(255) DEFAULT NULL,
  `sort` smallint(255) DEFAULT '50',
  `status` tinyint(1) DEFAULT '1',
  PRIMARY KEY (`id`)
) ENGINE=InnoDB  DEFAULT CHARSET=utf8 AUTO_INCREMENT=4 ;

--
-- 转存表中的数据 `tp5shop_brand`
--

INSERT INTO `tp5shop_brand` (`id`, `brand_name`, `brand_url`, `brand_img`, `brand_description`, `sort`, `status`) VALUES
(1, '杜鸣志', 'www.dumingzhi.com', '20180320\\699dfccc484add5231192c4308da9347.jpg', '杜鸣志是我', 50, 1),
(2, ' 百度', 'www.baidu.com', '20180320\\699dfccc484add5231192c4308da9347.jpg', '百度啊', 50, 1),
(3, '腾讯qq', 'http://www.qq.com', '20180321\\7fbe34970bf408473fdc52b8e317f2dc.jpg', '腾讯qq', 50, 0);

-- --------------------------------------------------------

--
-- 表的结构 `tp5shop_cate`
--

CREATE TABLE IF NOT EXISTS `tp5shop_cate` (
  `id` smallint(6) NOT NULL AUTO_INCREMENT,
  `cate_name` varchar(255) CHARACTER SET utf8 DEFAULT NULL,
  `cate_type` tinyint(255) DEFAULT '5',
  `keywords` varchar(255) CHARACTER SET utf8 DEFAULT NULL,
  `description` varchar(255) CHARACTER SET utf8 DEFAULT NULL,
  `show_nav` tinyint(4) DEFAULT '0',
  `sort` smallint(6) DEFAULT '50',
  `pid` smallint(6) DEFAULT '0',
  PRIMARY KEY (`id`)
) ENGINE=InnoDB  DEFAULT CHARSET=latin1 AUTO_INCREMENT=10 ;

--
-- 转存表中的数据 `tp5shop_cate`
--

INSERT INTO `tp5shop_cate` (`id`, `cate_name`, `cate_type`, `keywords`, `description`, `show_nav`, `sort`, `pid`) VALUES
(1, '系统', 1, '系统', '系统', 0, 1, 0),
(2, '网店帮助信息', 2, '网店帮助信息', '网店帮助信息', 0, 50, 1),
(3, '网店信息', 4, '网店信息', '网店信息', 0, 50, 1),
(4, '新手上路', 3, '新手上路', '新手上路', 1, 50, 2),
(5, '支付与配送', 3, '支付与配送', '支付与配送', 1, 50, 2),
(6, '测试1', 5, '测试1', '测试1', 1, 2, 0),
(7, '测试2', 5, '测试2', '测试2', 1, 3, 0),
(8, '测试111111', 5, '测试1', '测试111', 0, 2, 6),
(9, '测试222', 5, '测试222', '测试222', 1, 1, 6);

-- --------------------------------------------------------

--
-- 表的结构 `tp5shop_category`
--

CREATE TABLE IF NOT EXISTS `tp5shop_category` (
  `id` int(11) NOT NULL AUTO_INCREMENT,
  `cate_name` varchar(255) CHARACTER SET utf8 DEFAULT NULL,
  `cate_img` varchar(255) CHARACTER SET utf8 DEFAULT NULL,
  `keywords` varchar(255) CHARACTER SET utf8 DEFAULT NULL,
  `description` varchar(255) CHARACTER SET utf8 DEFAULT NULL,
  `sort` int(11) DEFAULT '50',
  `pid` int(11) DEFAULT '0',
  `show_cate` int(11) DEFAULT '0',
  PRIMARY KEY (`id`)
) ENGINE=InnoDB  DEFAULT CHARSET=latin1 AUTO_INCREMENT=4 ;

--
-- 转存表中的数据 `tp5shop_category`
--

INSERT INTO `tp5shop_category` (`id`, `cate_name`, `cate_img`, `keywords`, `description`, `sort`, `pid`, `show_cate`) VALUES
(1, '男装', '20180402\\9667af1eb92ed24d3fb991a60c795c37.jpg', '123', '132', 5, 0, 0),
(2, '阿迪达斯', NULL, '1', '1', 4, 1, 1),
(3, '123', NULL, '1', '1', 3, 2, 1);

-- --------------------------------------------------------

--
-- 表的结构 `tp5shop_conf`
--

CREATE TABLE IF NOT EXISTS `tp5shop_conf` (
  `id` int(11) NOT NULL AUTO_INCREMENT,
  `ename` varchar(255) DEFAULT NULL,
  `cname` varchar(255) DEFAULT NULL,
  `from_type` varchar(255) DEFAULT NULL,
  `conf_type` int(11) DEFAULT '1',
  `values` varchar(255) DEFAULT NULL,
  `value` varchar(255) DEFAULT NULL,
  PRIMARY KEY (`id`)
) ENGINE=InnoDB  DEFAULT CHARSET=utf8 AUTO_INCREMENT=12 ;

--
-- 转存表中的数据 `tp5shop_conf`
--

INSERT INTO `tp5shop_conf` (`id`, `ename`, `cname`, `from_type`, `conf_type`, `values`, `value`) VALUES
(1, 'dmin', '杜鸣志', 'input', 1, '', 'input的value3'),
(2, 'd', '杜鸣志1', 'radio', 1, '杜鸣志,杜mz,dmin', '杜mz'),
(3, 'sitename', '站点名称', 'select', 1, '一,二,三', '三'),
(4, 'checkbox', '可选值', 'checkbox', 1, '一,二,三,四', ''),
(5, 'textarea', '文本域', 'textarea', 1, '', '123123啊'),
(7, 'checkboxcheckbox', '测试checkbox', 'checkbox', 1, '测试1,测试2,测试3', '测试1,测试2'),
(8, 'image', '图片测试', 'file', 1, '', '20180402\\a59ff2f49dc3764d0f1783d376f766f3.png'),
(9, 'image2', '图片测试2', 'file', 1, '', '20180402\\a26b48455c5ed72ee1805d3e60154a21.jpg'),
(10, 'ceshiaaa', '测试啊啊啊', 'input', 2, '', 'zzzz1'),
(11, 'ceshiaae', '测试啊啊额', 'checkbox', 2, '啊啊,恩恩,额额', '啊啊,恩恩,额额');

-- --------------------------------------------------------

--
-- 表的结构 `tp5shop_goods`
--

CREATE TABLE IF NOT EXISTS `tp5shop_goods` (
  `id` int(11) NOT NULL AUTO_INCREMENT,
  `goods_name` varchar(255) DEFAULT NULL,
  `goods_num` varchar(16) DEFAULT NULL,
  `or_thumb` varchar(255) DEFAULT NULL,
  `sm_thumb` varchar(255) DEFAULT NULL,
  `mid_thumb` varchar(255) DEFAULT NULL,
  `big_thumb` varchar(255) DEFAULT NULL,
  `market_price` decimal(10,0) DEFAULT NULL,
  `shop_price` decimal(10,0) DEFAULT NULL,
  `on_sale` tinyint(4) DEFAULT NULL,
  `category_id` int(11) DEFAULT NULL,
  `brand_id` int(11) DEFAULT NULL,
  `type_id` int(11) DEFAULT NULL,
  `goods_des` longtext,
  `goods_weight` double DEFAULT NULL,
  `weight_unit` varchar(255) DEFAULT NULL,
  PRIMARY KEY (`id`)
) ENGINE=InnoDB DEFAULT CHARSET=utf8 AUTO_INCREMENT=1 ;

-- --------------------------------------------------------

--
-- 表的结构 `tp5shop_type`
--

CREATE TABLE IF NOT EXISTS `tp5shop_type` (
  `id` int(11) NOT NULL AUTO_INCREMENT,
  `type_name` varchar(255) NOT NULL,
  PRIMARY KEY (`id`)
) ENGINE=InnoDB  DEFAULT CHARSET=utf8 AUTO_INCREMENT=6 ;

--
-- 转存表中的数据 `tp5shop_type`
--

INSERT INTO `tp5shop_type` (`id`, `type_name`) VALUES
(2, '笔记本'),
(5, '男装');

-- --------------------------------------------------------

--
-- 表的结构 `tp5_0416_admin`
--

CREATE TABLE IF NOT EXISTS `tp5_0416_admin` (
  `id` mediumint(9) NOT NULL AUTO_INCREMENT,
  `username` varchar(30) NOT NULL,
  `password` char(32) NOT NULL,
  `name` varchar(255) NOT NULL COMMENT '姓名',
  `type` int(11) NOT NULL COMMENT '类型(管理员/客服)',
  `lock` int(11) NOT NULL DEFAULT '0' COMMENT '是否锁定用户',
  `logintime` varchar(255) NOT NULL COMMENT '登录时间',
  `loginip` varchar(30) NOT NULL COMMENT '登录IP',
  `online` int(11) NOT NULL COMMENT '是否当班',
  PRIMARY KEY (`id`),
  UNIQUE KEY `id` (`id`)
) ENGINE=MyISAM  DEFAULT CHARSET=utf8 AUTO_INCREMENT=15 ;

--
-- 转存表中的数据 `tp5_0416_admin`
--

INSERT INTO `tp5_0416_admin` (`id`, `username`, `password`, `name`, `type`, `lock`, `logintime`, `loginip`, `online`) VALUES
(1, 'admin1', 'e00cf25ad42683b3df678c61f42c6bda', '管理员1', 1, 0, '2018-07-09 08:20:31', '127.0.0.1', 0),
(2, 'admin2', 'c84258e9c39059a89ab77d846ddab909', '管理员2', 1, 0, '2018-06-08 09:43:10', '127.0.0.1', 0),
(3, 'kefu1', '0eebc7ab0b7af6819d743c606c3f4003', '客服1', 2, 0, '2018-07-06 10:48:28', '127.0.0.1', 0),
(7, '陈丽红', 'f358be4d9ad1946d4f46ac648cfc907b', '陈丽红', 2, 0, '2018-06-01 09:26:41', '127.0.0.1', 0),
(8, '鄢爱娥', 'e10adc3949ba59abbe56e057f20f883e', '鄢爱娥', 3, 0, '2018-06-01 15:53:49', '127.0.0.1', 0),
(9, 'kefu9', 'f358be4d9ad1946d4f46ac648cfc907b', 'kefu9', 2, 0, '2018-06-01 09:26:41', '127.0.0.1', 0),
(10, '徐雪艳', 'dcdca1af11c63e9be0b5a29f1fd37b1f', '徐雪艳', 2, 0, '2018-07-06 10:49:31', '127.0.0.1', 0),
(11, '王欢', 'f358be4d9ad1946d4f46ac648cfc907b', '王欢', 2, 0, '2018-06-01 09:26:41', '127.0.0.1', 0),
(12, '董俊', 'f358be4d9ad1946d4f46ac648cfc907b', '董俊', 2, 0, '2018-06-01 09:26:41', '127.0.0.1', 0),
(13, '王雪芹', 'f358be4d9ad1946d4f46ac648cfc907b', '王雪芹', 2, 0, '2018-06-01 09:26:41', '127.0.0.1', 0),
(14, 'user1', '24c9e15e52afc47c225b757e7bee1f9d', 'user1', 1, 1, '', '', 0);

-- --------------------------------------------------------

--
-- 表的结构 `tp5_0416_antaibao`
--

CREATE TABLE IF NOT EXISTS `tp5_0416_antaibao` (
  `id` mediumint(9) NOT NULL AUTO_INCREMENT COMMENT 'ID',
  `dianhua` varchar(30) NOT NULL COMMENT '电话',
  `queren` int(11) NOT NULL DEFAULT '0' COMMENT '是否确认',
  `black` int(11) DEFAULT '0' COMMENT '是否黑名单',
  `extend` varchar(30) DEFAULT NULL COMMENT 'extend',
  `padd` varchar(255) NOT NULL,
  `ip` varchar(30) NOT NULL,
  `shebei` varchar(30) NOT NULL COMMENT '设备',
  `url` varchar(255) NOT NULL COMMENT '提交网址',
  `tjtime` varchar(255) NOT NULL COMMENT '提交时间',
  `shtime` varchar(255) NOT NULL COMMENT '审核时间',
  `beizhu` text NOT NULL COMMENT '备注',
  `kefutype` int(11) NOT NULL COMMENT '用户类型',
  `kefuid` mediumint(9) NOT NULL COMMENT '用户ID',
  `kefuname` varchar(30) NOT NULL COMMENT '客服姓名',
  `ipadd` varchar(30) NOT NULL COMMENT 'ip带省市',
  PRIMARY KEY (`id`)
) ENGINE=MyISAM  DEFAULT CHARSET=utf8 AUTO_INCREMENT=103 ;

--
-- 转存表中的数据 `tp5_0416_antaibao`
--

INSERT INTO `tp5_0416_antaibao` (`id`, `dianhua`, `queren`, `black`, `extend`, `padd`, `ip`, `shebei`, `url`, `tjtime`, `shtime`, `beizhu`, `kefutype`, `kefuid`, `kefuname`, `ipadd`) VALUES
(101, '13999999999', 1, 0, NULL, '新疆移动', '::1', 'windows', 'http://localhost/thinkphp/mantaibao.html', '2018-06-08 16:30:04', '2018-06-27 13:25:22', '2', 1, 1, '管理员1', '::1'),
(102, '13888888888', 1, 0, NULL, '云南移动', '::1', 'windows', 'http://localhost/thinkphp/mantaibao.html', '2018-06-11 08:57:20', '2018-06-27 13:25:16', '1', 1, 1, '管理员1', '::1');

-- --------------------------------------------------------

--
-- 表的结构 `tp5_0416_article`
--

CREATE TABLE IF NOT EXISTS `tp5_0416_article` (
  `ID` mediumint(9) NOT NULL AUTO_INCREMENT COMMENT 'ID',
  `title` varchar(30) NOT NULL COMMENT '文章标题',
  `keywords` varchar(150) NOT NULL COMMENT '文章关键词',
  `desc` varchar(255) NOT NULL COMMENT '文章描述',
  `pic` varchar(100) NOT NULL COMMENT '文章缩略图',
  `content` text NOT NULL COMMENT '文章内容',
  `click` mediumint(9) NOT NULL COMMENT '点击量',
  `time` int(10) NOT NULL COMMENT '发布时间',
  PRIMARY KEY (`ID`)
) ENGINE=MyISAM  DEFAULT CHARSET=utf8 AUTO_INCREMENT=5 ;

--
-- 转存表中的数据 `tp5_0416_article`
--

INSERT INTO `tp5_0416_article` (`ID`, `title`, `keywords`, `desc`, `pic`, `content`, `click`, `time`) VALUES
(1, 'ected $messa1', 'ected $messa', 'ected $messa', '', '<p><span class="kwd" style="color: rgb(0, 0, 136); font-family: Consolas, &quot;Liberation Mono&quot;, Courier, Verdana, 微软雅黑; font-size: 14px; white-space: pre; background-color: rgb(249, 249, 249);">ected</span><span class="pln" style="font-family: Consolas, &quot;Liberation Mono&quot;, Courier, Verdana, 微软雅黑; font-size: 14px; white-space: pre; background-color: rgb(249, 249, 249);"> $messa</span></p>', 0, 1525243729),
(4, 'test', '', '', '', '', 0, 1526537574),
(3, 'zj', '1', '1', '/static/uploads/20180503/de87111bb769258da31a4ac1171709fe.png', '<p>1</p>', 0, 1525314152);

-- --------------------------------------------------------

--
-- 表的结构 `tp5_0416_atfck`
--

CREATE TABLE IF NOT EXISTS `tp5_0416_atfck` (
  `id` mediumint(9) NOT NULL AUTO_INCREMENT COMMENT 'ID',
  `name` varchar(30) NOT NULL COMMENT '姓名',
  `dianhua` varchar(30) NOT NULL COMMENT '电话',
  `shijian` varchar(255) NOT NULL COMMENT '时间',
  `miaoshu` text NOT NULL COMMENT '描述',
  `queren` int(11) NOT NULL DEFAULT '0' COMMENT '是否确认',
  `padd` varchar(255) NOT NULL,
  `ip` varchar(30) NOT NULL,
  `shebei` varchar(30) NOT NULL COMMENT '设备',
  `url` varchar(255) NOT NULL COMMENT '提交网址',
  `tjtime` varchar(255) NOT NULL COMMENT '提交时间',
  `shtime` varchar(255) DEFAULT NULL COMMENT '审核时间',
  `kefuid` mediumint(9) DEFAULT NULL COMMENT '客服ID',
  `kefuname` varchar(30) DEFAULT NULL COMMENT '客服姓名',
  `kefutype` int(11) DEFAULT NULL COMMENT '客服类型',
  `beizhu` text COMMENT '备注',
  `ipadd` varchar(30) NOT NULL,
  `black` int(11) NOT NULL DEFAULT '0' COMMENT '黑名单',
  `extend` varchar(30) NOT NULL,
  PRIMARY KEY (`id`)
) ENGINE=MyISAM  DEFAULT CHARSET=utf8 AUTO_INCREMENT=35 ;

--
-- 转存表中的数据 `tp5_0416_atfck`
--

INSERT INTO `tp5_0416_atfck` (`id`, `name`, `dianhua`, `shijian`, `miaoshu`, `queren`, `padd`, `ip`, `shebei`, `url`, `tjtime`, `shtime`, `kefuid`, `kefuname`, `kefutype`, `beizhu`, `ipadd`, `black`, `extend`) VALUES
(1, '测试数据', '13854548785', '', '', 0, '该手机号没检测出来，固话目前没有检测', '124.65.98.66', 'windows', 'http://m.atfck.com/a/qtdxnz/index.html', '2018-05-28 10:45:03', NULL, NULL, NULL, NULL, NULL, '', 0, ''),
(2, '测试数据1', '13854548785', '', '', 0, '该手机号没检测出来，固话目前没有检测', '124.65.98.66', 'windows', 'http://m.atfck.com/a/qtdxnz/index.html', '2018-05-28 11:01:57', NULL, NULL, NULL, NULL, NULL, '', 0, ''),
(3, '测试数据2', '13721548781', '', '', 0, '检测号码失败', '124.65.98.66', 'windows', 'http://m.atfck.com/a/qtdxnz/index.html', '2018-05-28 11:04:06', NULL, NULL, NULL, NULL, NULL, '', 0, ''),
(4, 'testtest', '15906356365', '', '', 0, '检测号码失败', '124.65.98.66', 'windows', 'http://m.atfck.com/a/qtdxnz/', '2018-05-28 11:11:42', NULL, NULL, NULL, NULL, NULL, '', 0, ''),
(5, 'testtest', '15906356365', '', '', 0, '检测号码失败', '124.65.98.66', 'windows', 'http://m.atfck.com/a/qtdxnz/', '2018-05-28 11:12:43', NULL, NULL, NULL, NULL, NULL, '', 0, ''),
(6, 'testtest', '15906356365', '', '', 0, '检测号码失败', '124.65.98.66-北京-北京', 'windows', 'http://m.atfck.com/a/qtdxnz/', '2018-05-28 11:13:00', NULL, NULL, NULL, NULL, NULL, '', 0, ''),
(7, 'testtest', '15906356365', '', '', 0, '检测号码失败', '124.65.98.66-北京-北京', 'windows', 'http://m.atfck.com/a/qtdxnz/', '2018-05-28 11:14:06', NULL, NULL, NULL, NULL, NULL, '', 0, ''),
(8, 'testtest', '15906356365', '', '', 0, '检测号码失败', '124.65.98.66-北京-北京', 'windows', 'http://m.atfck.com/a/qtdxnz/', '2018-05-28 11:14:36', NULL, NULL, NULL, NULL, NULL, '', 0, ''),
(9, 'testtest', '15906356365', '', '', 0, '检测号码失败', '124.65.98.66-北京-北京', 'windows', 'http://m.atfck.com/a/qtdxnz/', '2018-05-28 11:19:55', NULL, NULL, NULL, NULL, NULL, '', 0, ''),
(10, 'testtest', '15906356365', '', '', 0, '检测号码失败', '124.65.98.66-北京-北京', 'windows', 'http://m.atfck.com/a/qtdxnz/', '2018-05-28 11:20:36', NULL, NULL, NULL, NULL, NULL, '', 0, ''),
(11, '测试数据', '13854845986', '', '', 0, '检测号码失败', '124.65.98.66-北京-北京', 'windows', 'http://m.atfck.com/a/qtdxnz/', '2018-05-28 11:22:40', NULL, NULL, NULL, NULL, NULL, '', 0, ''),
(12, '测试数据', '13588458754', '', '', 0, '贵州移动', '124.65.98.66-北京-北京', 'windows', 'http://m.atfck.com/a/qtdxnz/', '2018-05-28 13:10:39', NULL, NULL, NULL, NULL, NULL, '', 0, ''),
(13, '测试数据', '18606965978', '', '', 0, '贵州移动', '124.65.98.66-北京-北京', 'windows', 'http://m.atfck.com/a/chunvmoxf/index.html', '2018-05-28 13:24:51', NULL, NULL, NULL, NULL, NULL, '', 0, ''),
(14, '测试数据123', '13756532157', '', '', 0, '贵州移动', '124.65.98.66-北京-北京', 'windows', 'http://m.atfck.com/index.html', '2018-05-28 13:29:48', NULL, NULL, NULL, NULL, NULL, '', 0, ''),
(15, '测试数据123', '18601141655', '', '', 0, '贵州移动', '124.65.98.66-北京-北京', 'windows', 'http://m.atfck.com/index.html', '2018-05-28 13:30:21', NULL, NULL, NULL, NULL, NULL, '', 0, ''),
(16, '测试数据123', '18601141655', '', '', 0, '贵州移动', '124.65.98.66-北京-北京', 'windows', 'http://m.atfck.com/index.html', '2018-05-28 13:32:22', NULL, NULL, NULL, NULL, NULL, '', 0, ''),
(17, '测试数据123', '18601141655', '', '', 0, '北京联通', '124.65.98.66-北京-北京', 'windows', 'http://m.atfck.com/index.html', '2018-05-28 13:32:49', NULL, NULL, NULL, NULL, NULL, '', 0, ''),
(18, '测试数据123', '18601141655', '', '', 0, '北京联通', '124.65.98.66-北京-北京', 'windows', 'http://m.atfck.com/index.html', '2018-05-28 13:33:44', NULL, NULL, NULL, NULL, NULL, '', 0, ''),
(19, '测试数据123', '18601141655', '', '', 0, '北京联通', '124.65.98.66-北京-北京', 'windows', 'http://m.atfck.com/index.html', '2018-05-28 13:34:58', NULL, NULL, NULL, NULL, NULL, '', 0, ''),
(20, '测试数据123', '18601141655', '', '', 0, '北京联通', '124.65.98.66-北京-北京', 'windows', 'http://m.atfck.com/index.html', '2018-05-28 13:35:17', NULL, NULL, NULL, NULL, NULL, '', 0, ''),
(21, '测试数据1231', '13854545878', '', '', 0, '山东移动', '124.65.98.66-北京-北京', 'windows', 'http://m.atfck.com/index.html', '2018-05-28 13:37:33', NULL, NULL, NULL, NULL, NULL, '', 0, ''),
(22, '测试数据1231', '13854545878', '', '', 0, '山东移动', '124.65.98.66', 'windows', 'http://m.atfck.com/index.html', '2018-05-28 13:40:24', NULL, NULL, NULL, NULL, NULL, '124.65.98.66-北京-北京', 0, ''),
(23, '测试数据1231', '13854545878', '', '', 0, '山东移动', '124.65.98.66', 'windows', 'http://m.atfck.com/index.html', '2018-05-28 13:40:51', NULL, NULL, NULL, NULL, NULL, '124.65.98.66-北京-北京', 0, ''),
(24, '测试数据1231', '13854545878', '', '', 0, '山东移动', '124.65.98.66', 'windows', 'http://m.atfck.com/index.html', '2018-05-28 13:40:54', NULL, NULL, NULL, NULL, NULL, '124.65.98.66-北京-北京', 0, ''),
(25, '测试数据1231', '13854545878', '', '', 0, '山东移动', '124.65.98.66', 'windows', 'http://m.atfck.com/index.html', '2018-05-28 13:41:23', NULL, NULL, NULL, NULL, NULL, '124.65.98.66-北京-北京', 0, ''),
(26, '测试数据1231', '13854545878', '', '', 0, '山东移动', '124.65.98.66', 'windows', 'http://m.atfck.com/index.html', '2018-05-28 13:42:31', NULL, NULL, NULL, NULL, NULL, '124.65.98.66-北京-北京', 0, ''),
(27, '测试数据1231', '13854545878', '', '', 0, '山东移动', '124.65.98.66', 'windows', 'http://m.atfck.com/index.html', '2018-05-28 13:44:12', NULL, NULL, NULL, NULL, NULL, '124.65.98.66-北京-北京', 0, ''),
(28, '测试数据', '13566987845', '', '', 0, '浙江移动', '124.65.98.66', 'windows', 'http://m.atfck.com/index.html', '2018-05-28 13:45:49', NULL, NULL, NULL, NULL, NULL, '124.65.98.66-北京-北京', 0, ''),
(29, '测试数据姓名', '13665988458', '2018-05-01', '测试数据测试病情描述', 0, '福建移动', '124.65.98.66', 'windows', 'http://m.atfck.com/index.html', '2018-05-30 14:32:27', NULL, NULL, NULL, NULL, NULL, '124.65.98.66-北京-北京', 0, ''),
(30, '测试数据0531', '13555487754', '2018-05-31', '5月31日的测试数据', 0, '黑龙江移动', '124.65.98.66', 'windows', 'http://wap.bjatfc.com/', '2018-05-31 08:57:42', NULL, NULL, NULL, NULL, NULL, '124.65.98.66-北京-北京', 0, ''),
(31, '测试数据0531', '13555487754', '2018-05-31', '5月31日的测试数据', 0, '黑龙江移动', '124.65.98.66', 'windows', 'http://wap.bjatfc.com/', '2018-05-31 08:59:55', NULL, NULL, NULL, NULL, NULL, '124.65.98.66-北京-北京', 0, ''),
(32, '', '', '', '', 0, '检测号码失败', '124.65.98.66', '', '', '2018-05-31 09:39:16', NULL, NULL, NULL, NULL, NULL, '124.65.98.66-北京-北京', 0, ''),
(33, '测试数据', '18694636425', '2018-06-08', '测试数据531', 2, '检测号码失败', '61.148.244.45', '安卓', 'http://wap.bjatfc.com/', '2018-05-31 10:53:13', '2018-05-31 13:40:02', 2, '管理员2', 1, '无效的信息', '61.148.244.45-北京-北京', 0, ''),
(34, '测试电话IP', '18554548788', '2018-06-04', '测试电话IP', 1, '山东联通', '124.65.98.66', 'windows', 'http://m.atfck.com/index.html', '2018-05-31 11:20:01', '2018-05-31 13:38:44', 2, '管理员2', 1, '5.31处理了', '124.65.98.66-北京-北京', 0, '');

-- --------------------------------------------------------

--
-- 表的结构 `tp5_0416_atfck123`
--

CREATE TABLE IF NOT EXISTS `tp5_0416_atfck123` (
  `id` mediumint(9) NOT NULL AUTO_INCREMENT COMMENT 'ID',
  `name` varchar(30) NOT NULL COMMENT '姓名',
  `dianhua` varchar(30) NOT NULL COMMENT '电话',
  `shijian` varchar(255) NOT NULL COMMENT '时间',
  `miaoshu` text NOT NULL COMMENT '描述',
  `queren` int(11) NOT NULL DEFAULT '0' COMMENT '是否确认',
  `padd` varchar(255) NOT NULL,
  `ip` varchar(30) NOT NULL,
  `shebei` varchar(30) NOT NULL COMMENT '设备',
  `url` varchar(255) NOT NULL COMMENT '提交网址',
  `tjtime` varchar(255) NOT NULL COMMENT '提交时间',
  `shtime` varchar(255) NOT NULL COMMENT '审核时间',
  `kefuid` mediumint(9) NOT NULL COMMENT '客服ID',
  `kefuname` varchar(30) NOT NULL COMMENT '客服姓名',
  `kefutype` int(11) NOT NULL COMMENT '客服类型',
  `beizhu` text NOT NULL COMMENT '备注',
  PRIMARY KEY (`id`)
) ENGINE=MyISAM DEFAULT CHARSET=utf8 AUTO_INCREMENT=1 ;

-- --------------------------------------------------------

--
-- 表的结构 `tp5_0416_atfckform123`
--

CREATE TABLE IF NOT EXISTS `tp5_0416_atfckform123` (
  `id` mediumint(9) NOT NULL AUTO_INCREMENT COMMENT 'ID',
  `name` varchar(30) NOT NULL COMMENT '姓名',
  `dianhua` varchar(30) NOT NULL COMMENT '电话',
  `shijian` varchar(255) NOT NULL COMMENT '时间',
  `miaoshu` text NOT NULL COMMENT '描述',
  `queren` int(11) NOT NULL DEFAULT '0' COMMENT '是否确认',
  `padd` varchar(255) NOT NULL,
  `ip` varchar(30) NOT NULL,
  `shebei` varchar(30) NOT NULL COMMENT '设备',
  `url` varchar(255) NOT NULL COMMENT '提交网址',
  `tjtime` varchar(255) NOT NULL COMMENT '提交时间',
  `shtime` varchar(255) NOT NULL COMMENT '审核时间',
  `kefuid` mediumint(9) NOT NULL COMMENT '客服ID',
  `kefuname` varchar(30) NOT NULL COMMENT '客服姓名',
  `kefutype` int(11) NOT NULL COMMENT '客服类型',
  `beizhu` text NOT NULL COMMENT '备注',
  PRIMARY KEY (`id`)
) ENGINE=MyISAM DEFAULT CHARSET=utf8 AUTO_INCREMENT=1 ;

-- --------------------------------------------------------

--
-- 表的结构 `tp5_0416_cate`
--

CREATE TABLE IF NOT EXISTS `tp5_0416_cate` (
  `ID` mediumint(9) NOT NULL AUTO_INCREMENT COMMENT '栏目ID',
  `catename` varchar(30) NOT NULL COMMENT '栏目名称',
  `keyword` varchar(150) NOT NULL COMMENT '栏目关键词',
  `desc` text NOT NULL COMMENT '栏目描述',
  `type` tinyint(1) NOT NULL DEFAULT '0' COMMENT '栏目类型',
  PRIMARY KEY (`ID`)
) ENGINE=MyISAM  DEFAULT CHARSET=utf8 AUTO_INCREMENT=4 ;

--
-- 转存表中的数据 `tp5_0416_cate`
--

INSERT INTO `tp5_0416_cate` (`ID`, `catename`, `keyword`, `desc`, `type`) VALUES
(1, '栏目2', '栏目2', '栏目2', 0),
(3, '足球', '足球', '足球', 0);

-- --------------------------------------------------------

--
-- 表的结构 `tp5_0416_link`
--

CREATE TABLE IF NOT EXISTS `tp5_0416_link` (
  `id` mediumint(9) NOT NULL AUTO_INCREMENT,
  `title` varchar(30) NOT NULL,
  `desc` varchar(255) NOT NULL,
  `url` varchar(60) NOT NULL,
  PRIMARY KEY (`id`)
) ENGINE=MyISAM  DEFAULT CHARSET=utf8 AUTO_INCREMENT=3 ;

--
-- 转存表中的数据 `tp5_0416_link`
--

INSERT INTO `tp5_0416_link` (`id`, `title`, `desc`, `url`) VALUES
(2, '网易', '网易123', 'http://www.163.com/');

-- --------------------------------------------------------

--
-- 表的结构 `tp5_0416_oldinfo`
--

CREATE TABLE IF NOT EXISTS `tp5_0416_oldinfo` (
  `id` int(11) NOT NULL AUTO_INCREMENT COMMENT 'ID',
  `yuanqu` varchar(30) NOT NULL COMMENT '就诊院区',
  `kefuname` varchar(30) NOT NULL COMMENT '客服姓名',
  `yynum` int(11) NOT NULL COMMENT '预约号',
  `keshi` varchar(30) NOT NULL COMMENT '科室',
  `yytime` varchar(30) NOT NULL COMMENT '预约时间',
  `djtime` varchar(30) NOT NULL COMMENT '登记时间',
  `name` varchar(30) NOT NULL COMMENT '患者姓名',
  `sex` varchar(30) NOT NULL COMMENT '性别',
  `age` varchar(30) NOT NULL COMMENT '年龄',
  `jiehun` varchar(30) NOT NULL COMMENT '婚否',
  `czfz` varchar(30) NOT NULL COMMENT '初诊复诊',
  `address` varchar(255) DEFAULT NULL COMMENT '地域',
  `tel` varchar(30) NOT NULL COMMENT '电话',
  `weixin` varchar(30) DEFAULT NULL COMMENT '微信',
  `qq` varchar(30) DEFAULT NULL COMMENT 'QQ',
  `qudao` varchar(30) NOT NULL COMMENT '渠道',
  `keywords` varchar(255) NOT NULL COMMENT '关键字',
  `doctor` varchar(30) NOT NULL COMMENT '预约医生',
  `daozhen` varchar(30) NOT NULL COMMENT '是否到诊',
  `liaotian` text COMMENT '聊天记录',
  `beizhu` text COMMENT '备注',
  `desc` text COMMENT '病情描述',
  `xx` int(11) DEFAULT NULL COMMENT 'xx',
  `huifang` int(11) DEFAULT NULL COMMENT '回访',
  `hftime` varchar(30) DEFAULT NULL COMMENT '回访时间',
  `pic` varchar(255) DEFAULT NULL COMMENT '图片',
  PRIMARY KEY (`id`)
) ENGINE=MyISAM  DEFAULT CHARSET=utf8 AUTO_INCREMENT=72 ;

--
-- 转存表中的数据 `tp5_0416_oldinfo`
--

INSERT INTO `tp5_0416_oldinfo` (`id`, `yuanqu`, `kefuname`, `yynum`, `keshi`, `yytime`, `djtime`, `name`, `sex`, `age`, `jiehun`, `czfz`, `address`, `tel`, `weixin`, `qq`, `qudao`, `keywords`, `doctor`, `daozhen`, `liaotian`, `beizhu`, `desc`, `xx`, `huifang`, `hftime`, `pic`) VALUES
(1, '安太', '董俊', 22218, '妇科', '0', '2018-06-03 07:24:37', '邬元敏', '女', '0', '已婚', '初诊', '北京', '137****1418', NULL, NULL, '商务通', '产检', '暂不确定', '未诊', '&lt;ul class=&quot; list-paddingleft-2&quot;&gt;&lt;li&gt;&lt;p&gt;&lt;span class=&quot;clientnamefont&quot; style=&quot;FONT-SIZE: 9pt&quot;&gt;&lt;/span&gt;&lt;/p&gt;&lt;p class=&quot;operatornamefont&quot;&gt;&lt;strong&gt;客服咨询dong&lt;/strong&gt; 06-03 07:15:15&lt;/p&gt;&lt;p&gt;您好，这里是北京安太医院官网咨询预约平台，将为您提供专业的咨询服务，希望我能够帮助到您！&lt;br/&gt;您要咨询什么问题，请说!&lt;br/&gt;&lt;span style=&quot;color:red&quot;&gt;&lt;strong&gt;我电话：13366278375&lt;br/&gt;&lt;span style=&quot;color:red&quot;&gt;&lt;strong&gt;微信号：13366278375&lt;/strong&gt;&lt;/span&gt;&lt;/strong&gt;&lt;/span&gt;&amp;nbsp;(如有需要可以通过电话或者微信，沟通更方便)&lt;/p&gt;&lt;p class=&quot;clientnamefont&quot;&gt;&lt;strong&gt;北京市客人29&lt;/strong&gt; 06-03 07:15:20&lt;/p&gt;&lt;p&gt;你好&lt;/p&gt;&lt;p class=&quot;operatornamefont&quot;&gt;&lt;strong&gt;客服咨询dong&lt;/strong&gt; 06-03 07:15:21&lt;/p&gt;&lt;p&gt;你好&lt;/p&gt;&lt;p class=&quot;clientnamefont&quot;&gt;&lt;strong&gt;北京市客人29&lt;/strong&gt; 06-03 07:15:44&lt;/p&gt;&lt;p&gt;我们没有建档可以到你们那做产检吗&lt;/p&gt;&lt', NULL, '产检', 1, NULL, '0', NULL),
(2, '安太', '董俊', 22219, '妇科', '0', '2018-06-03 07:28:11', '于光旭', '女', '0', '已婚', '初诊', NULL, '****', NULL, NULL, '商务通', '找张院长', '暂不确定', '未诊', '&lt;p&gt;&amp;lt;ul class=&amp;quot; list-paddingleft-2&amp;quot;&amp;gt;&amp;lt;li&amp;gt;&amp;lt;p&amp;gt;&amp;lt;span class=&amp;quot;clientnamefont&amp;quot; style=&amp;quot;FONT-SIZE: 9pt&amp;quot;&amp;gt;&amp;lt;/span&amp;gt;&amp;lt;/p&amp;gt;&amp;lt;p class=&amp;quot;clientnamefont&amp;quot;&amp;gt;&amp;lt;strong&amp;gt;约 复 于光旭 找张院长 欢 北京市客人166&amp;lt;/strong&amp;gt; 06-03 07:17:58&amp;lt;/p&amp;gt;&amp;lt;p&amp;gt;在&amp;lt;/p&amp;gt;&amp;lt;p class=&amp;quot;clientnamefont&amp;quot;&amp;gt;&amp;lt;strong&amp;gt;约 复 于光旭 找张院长 欢 北京市客人166&amp;lt;/strong&amp;gt; 06-03 07:18:10&amp;lt;/p&amp;gt;&amp;lt;p&amp;gt;吗&amp;lt;/p&amp;gt;&amp;lt;p class=&amp;quot;operatornamefont&amp;quot;&amp;gt;&amp;lt;strong&amp;gt;客服咨询dong&amp;lt;/strong&amp;gt; 06-03 07:18:10&amp;lt;/p&amp;gt;&amp;lt;p&amp;gt;在&amp;lt;/p&amp;gt;&amp;lt;p class=&amp;quot;operatornamefont&amp;quot;&amp;gt;&amp;lt;strong&amp;gt;客服咨询dong&amp;lt;/strong&amp;gt; 06-03 07:18:12&amp;lt;/p&amp;gt;&amp;lt;p&amp;gt;请讲&amp;lt;/p&amp', NULL, '找张院长', 1, NULL, '0', NULL),
(3, '安太', '董俊', 22220, '妇科', '2018-06-03', '2018-06-03 07:30:01', '张烨', '女', '0', '已婚', '初诊', '北京', '****', NULL, NULL, '商务通', '四维', '暂不确定', '未诊', '&lt;ul class=&quot; list-paddingleft-2&quot;&gt;&lt;li&gt;&lt;p&gt;&lt;span class=&quot;clientnamefont&quot; style=&quot;FONT-SIZE: 9pt&quot;&gt;&lt;/span&gt;&lt;/p&gt;&lt;p class=&quot;operatornamefont&quot;&gt;&lt;strong&gt;客服咨询dong&lt;/strong&gt; 06-03 07:12:09&lt;/p&gt;&lt;p&gt;你好&lt;/p&gt;&lt;p class=&quot;clientnamefont&quot;&gt;&lt;strong&gt;北京市客人6&lt;/strong&gt; 06-03 07:12:43&lt;/p&gt;&lt;p&gt;想预约个四维彩超，我看有特惠&lt;/p&gt;&lt;p class=&quot;operatornamefont&quot;&gt;&lt;strong&gt;客服咨询dong&lt;/strong&gt; 06-03 07:13:00&lt;/p&gt;&lt;p&gt;可以&amp;nbsp;&lt;/p&gt;&lt;p class=&quot;operatornamefont&quot;&gt;&lt;strong&gt;客服咨询dong&lt;/strong&gt; 06-03 07:13:05&lt;/p&gt;&lt;p&gt;您怀孕多少周？&lt;/p&gt;&lt;p class=&quot;operatornamefont&quot;&gt;&lt;strong&gt;客服咨询dong&lt;/strong&gt; 06-03 07:13:24&lt;/p&gt;&lt;p&gt;有预约号&amp;nbsp; 费用是780元 挂号费10元，&lt;/p&gt;&lt;p class=&quot;clientnamefont&quot;&gt;&lt;strong&gt;北京市客人6&lt;/strong&gt; 06-03 07:13:36&lt;/p&gt;&lt;p&gt;780套餐是吗？都包括什么项目&lt;/p&gt;&lt;p clas', NULL, '四维780元', 1, NULL, '0', NULL),
(4, '安太', '王雪芹', 22221, '妇科', '0', '2018-06-03 08:41:36', '张梅', '女', '37', '已婚', '初诊', NULL, '****', NULL, NULL, '微信', '腺肌症', '暂不确定', '未诊', '&lt;p&gt;腺肌症&lt;/p&gt;', NULL, '腺肌症', 0, NULL, '0', NULL),
(5, '安太', '陈丽红', 22222, '妇科', '0', '2018-06-03 08:42:24', '张梅', '女', '37', '已婚', '初诊', NULL, '****', NULL, NULL, '微信', '腺肌症', '暂不确定', '未诊', '&lt;p&gt;腺肌症&lt;/p&gt;', NULL, '腺肌症', 1, NULL, '0', NULL),
(6, '安太', '董俊', 22223, '妇科', '0', '2018-06-03 09:03:46', '王丽', '女', '41', '已婚', '初诊', NULL, '****', NULL, NULL, '微信', '腺肌症', '暂不确定', '未诊', '&lt;p&gt;我:&lt;/p&gt;&lt;p&gt;你好&lt;/p&gt;&lt;p&gt;:&lt;/p&gt;&lt;p&gt;您好&lt;/p&gt;&lt;p&gt;我:&lt;/p&gt;&lt;p&gt;请讲，&lt;/p&gt;&lt;p&gt;:&lt;/p&gt;&lt;p&gt;麻烦帮我看看还能做手术吗？我带的曼月乐，到五年了。&lt;/p&gt;&lt;p&gt;我:&lt;/p&gt;&lt;p&gt;好的&lt;/p&gt;&lt;p&gt;:&lt;/p&gt;&lt;p&gt;您好董医生，让你费心了&lt;/p&gt;&lt;p&gt;我:&lt;/p&gt;&lt;p&gt;子宫体积有增大，&lt;/p&gt;&lt;p&gt;我:&lt;/p&gt;&lt;p&gt;有腺肌症病灶，&lt;/p&gt;&lt;p&gt;我:&lt;/p&gt;&lt;p&gt;腺肌症合并小肌瘤，&lt;/p&gt;&lt;p&gt;我:&lt;/p&gt;&lt;p&gt;平时有痛经的情况是吧？&lt;/p&gt;&lt;p&gt;:&lt;/p&gt;&lt;p&gt;经期疼痛，好几个月身上没血了，干疼&lt;/p&gt;&lt;p&gt;:&lt;/p&gt;&lt;p&gt;还能做手术吗？董大夫&lt;/p&gt;&lt;p&gt;我:&lt;/p&gt;&lt;p&gt;您多大年龄？&lt;/p&gt;&lt;p&gt;:&lt;/p&gt;&lt;p&gt;42&lt;/p&gt;&lt;p&gt;我:&lt;/p&gt;&lt;p&gt;恩 那您这不是正常的闭经啊&amp;nbsp;&lt;/p&gt;&lt;p&gt;我:&lt;/p&gt;&lt;p&gt;你这种情况是可以做手术 剔除干净病灶，&lt;/p&gt;&lt;p&gt;:&lt;/p&gt;&lt;p&gt;是啊&lt;/p&gt;&lt;p&gt;我:&lt;/p&gt;&lt;p&gt;不切子宫 不开腹，&lt;/p&gt;&lt;p&gt;我:&lt;/p&gt;&lt;p&gt;手术之前会检查闭经的原因， &amp;nbsp;&lt;/p&gt;&lt;p&gt;我:&lt;/p&gt;&lt;p&gt;是会一起治疗的，&lt;/p&gt;&lt;p&g', NULL, '腺肌症 闭经好几个月了', 0, NULL, '0', NULL),
(7, '安太', '董俊', 22224, '妇科', '0', '2018-06-03 09:05:24', '王丽', '女', '41', '已婚', '初诊', '北京', '****', NULL, NULL, '微信', '腺肌症', '暂不确定', '未诊', '&lt;p&gt;我:&lt;/p&gt;&lt;p&gt;你好&lt;/p&gt;&lt;p&gt;:&lt;/p&gt;&lt;p&gt;您好&lt;/p&gt;&lt;p&gt;我:&lt;/p&gt;&lt;p&gt;请讲，&lt;/p&gt;&lt;p&gt;:&lt;/p&gt;&lt;p&gt;麻烦帮我看看还能做手术吗？我带的曼月乐，到五年了。&lt;/p&gt;&lt;p&gt;我:&lt;/p&gt;&lt;p&gt;好的&lt;/p&gt;&lt;p&gt;:&lt;/p&gt;&lt;p&gt;您好董医生，让你费心了&lt;/p&gt;&lt;p&gt;我:&lt;/p&gt;&lt;p&gt;子宫体积有增大，&lt;/p&gt;&lt;p&gt;我:&lt;/p&gt;&lt;p&gt;有腺肌症病灶，&lt;/p&gt;&lt;p&gt;我:&lt;/p&gt;&lt;p&gt;腺肌症合并小肌瘤，&lt;/p&gt;&lt;p&gt;我:&lt;/p&gt;&lt;p&gt;平时有痛经的情况是吧？&lt;/p&gt;&lt;p&gt;:&lt;/p&gt;&lt;p&gt;经期疼痛，好几个月身上没血了，干疼&lt;/p&gt;&lt;p&gt;:&lt;/p&gt;&lt;p&gt;还能做手术吗？董大夫&lt;/p&gt;&lt;p&gt;我:&lt;/p&gt;&lt;p&gt;您多大年龄？&lt;/p&gt;&lt;p&gt;:&lt;/p&gt;&lt;p&gt;42&lt;/p&gt;&lt;p&gt;我:&lt;/p&gt;&lt;p&gt;恩 那您这不是正常的闭经啊&amp;nbsp;&lt;/p&gt;&lt;p&gt;我:&lt;/p&gt;&lt;p&gt;你这种情况是可以做手术 剔除干净病灶，&lt;/p&gt;&lt;p&gt;:&lt;/p&gt;&lt;p&gt;是啊&lt;/p&gt;&lt;p&gt;我:&lt;/p&gt;&lt;p&gt;不切子宫 不开腹，&lt;/p&gt;&lt;p&gt;我:&lt;/p&gt;&lt;p&gt;手术之前会检查闭经的原因， &amp;nbsp;&lt;/p&gt;&lt;p&gt;我:&lt;/p&gt;&lt;p&gt;是会一起治疗的，&lt;/p&gt;&lt;p&g', NULL, '腺肌症 闭经好几个月了家是沈阳的 人在北京', 1, NULL, '0', NULL),
(8, '安太', '董俊', 22225, '妇科', '0', '2018-06-03 09:26:07', '王霜', '女', '45', '已婚', '初诊', '辽宁', '138****8829', NULL, NULL, '安太宝', '腺肌症', '暂不确定', '未诊', NULL, NULL, '腺肌症', 1, NULL, '0', NULL),
(9, '安太', '董俊', 22226, '妇科', '0', '2018-06-03 09:38:47', '安栓地福喜', '女', '33', '已婚', '初诊', '内蒙', '158****4890', NULL, NULL, '微信', '腺肌症肌瘤宫颈那囊卵巢囊肿', '暂不确定', '未诊', '&lt;p&gt;:&lt;/p&gt;&lt;p&gt;这是前几天刚做完的单子。&lt;/p&gt;&lt;p&gt;我:&lt;/p&gt;&lt;p&gt;这是乳腺彩超&lt;/p&gt;&lt;p&gt;:&lt;/p&gt;&lt;p&gt;现在这两种病都有呢。&lt;/p&gt;&lt;p&gt;我:&lt;/p&gt;&lt;p&gt;稍等 &amp;nbsp;我帮你详细看看&lt;/p&gt;&lt;p&gt;:&lt;/p&gt;&lt;p&gt;哦&lt;/p&gt;&lt;p&gt;我:&lt;/p&gt;&lt;p&gt;您这个情况&lt;/p&gt;&lt;p&gt;我:&lt;/p&gt;&lt;p&gt;子宫体积太大了，&lt;/p&gt;&lt;p&gt;我:&lt;/p&gt;&lt;p&gt;盆腔是有粘连&lt;/p&gt;&lt;p&gt;我:&lt;/p&gt;&lt;p&gt;子宫腺肌症，合并多发肌瘤&lt;/p&gt;&lt;p&gt;我:&lt;/p&gt;&lt;p&gt;宫颈多发那囊，&lt;/p&gt;&lt;p&gt;我:&lt;/p&gt;&lt;p&gt;卵巢里也有异位的病灶，&lt;/p&gt;&lt;p&gt;我:&lt;/p&gt;&lt;p&gt;您是还打算要孩子是吧？&lt;/p&gt;&lt;p&gt;:&lt;/p&gt;&lt;p&gt;现在这个瘤子严重不严重。&lt;/p&gt;&lt;p&gt;我:&lt;/p&gt;&lt;p&gt;肌瘤是挺大的， 主要是你卵巢里 宫颈上都有病灶，&lt;/p&gt;&lt;p&gt;我:&lt;/p&gt;&lt;p&gt;盆腔还有粘连的情况，&lt;/p&gt;&lt;p&gt;:&lt;/p&gt;&lt;p&gt;你说这个病怎么办才好呢？&lt;/p&gt;&lt;p&gt;我:&lt;/p&gt;&lt;p&gt;你这么年轻， 体内的激素水平高， &amp;nbsp;肌瘤肯定是胡继续发展，&lt;/p&gt;&lt;p&gt;我:&lt;/p&gt;&lt;p&gt;腺肌症是随着每次来月经 &amp;nbsp;病灶 发展， &amp;nbsp; 你的症状也就越来越明显，&amp;nbsp;&lt;/p&gt;&lt;p&gt;我:&lt;/p&', NULL, '腺肌症肌瘤宫颈那囊卵巢囊肿', 1, NULL, '0', './Public/Uploads/img/1527955200/1527989926-7388.jpeg'),
(10, '安太', '董俊', 22227, '妇科', '2018-06-05', '2018-06-03 09:51:20', '黄彬彬', '女', '0', '已婚', '初诊', '北京', '158****6507', NULL, NULL, '电话', '22周 四维', '暂不确定', '未诊', NULL, NULL, '22周 四维 780 挂号费10元', 1, NULL, '0', NULL),
(11, '安太', '董俊', 22228, '妇科', '0', '2018-06-03 09:58:48', '安栓地福喜', '女', '33', '已婚', '复诊', '内蒙', '158****4890', NULL, NULL, '微信', '腺肌症肌瘤卵巢囊肿', '暂不确定', '未诊', '&lt;p&gt;:&lt;/p&gt;&lt;p&gt;这是前几天刚做完的单子。&lt;/p&gt;&lt;p&gt;我:&lt;/p&gt;&lt;p&gt;这是乳腺彩超&lt;/p&gt;&lt;p&gt;:&lt;/p&gt;&lt;p&gt;现在这两种病都有呢。&lt;/p&gt;&lt;p&gt;我:&lt;/p&gt;&lt;p&gt;稍等 &amp;nbsp;我帮你详细看看&lt;/p&gt;&lt;p&gt;:&lt;/p&gt;&lt;p&gt;哦&lt;/p&gt;&lt;p&gt;我:&lt;/p&gt;&lt;p&gt;您这个情况&lt;/p&gt;&lt;p&gt;我:&lt;/p&gt;&lt;p&gt;子宫体积太大了，&lt;/p&gt;&lt;p&gt;我:&lt;/p&gt;&lt;p&gt;盆腔是有粘连&lt;/p&gt;&lt;p&gt;我:&lt;/p&gt;&lt;p&gt;子宫腺肌症，合并多发肌瘤&lt;/p&gt;&lt;p&gt;我:&lt;/p&gt;&lt;p&gt;宫颈多发那囊，&lt;/p&gt;&lt;p&gt;我:&lt;/p&gt;&lt;p&gt;卵巢里也有异位的病灶，&lt;/p&gt;&lt;p&gt;我:&lt;/p&gt;&lt;p&gt;您是还打算要孩子是吧？&lt;/p&gt;&lt;p&gt;:&lt;/p&gt;&lt;p&gt;现在这个瘤子严重不严重。&lt;/p&gt;&lt;p&gt;我:&lt;/p&gt;&lt;p&gt;肌瘤是挺大的， 主要是你卵巢里 宫颈上都有病灶，&lt;/p&gt;&lt;p&gt;我:&lt;/p&gt;&lt;p&gt;盆腔还有粘连的情况，&lt;/p&gt;&lt;p&gt;:&lt;/p&gt;&lt;p&gt;你说这个病怎么办才好呢？&lt;/p&gt;&lt;p&gt;我:&lt;/p&gt;&lt;p&gt;你这么年轻， 体内的激素水平高， &amp;nbsp;肌瘤肯定是胡继续发展，&lt;/p&gt;&lt;p&gt;我:&lt;/p&gt;&lt;p&gt;腺肌症是随着每次来月经 &amp;nbsp;病灶 发展， &amp;nbsp; 你的症状也就越来越明显，&amp;nbsp;&lt;/p&gt;&lt;p&gt;我:&lt;/p&', NULL, '腺肌症肌瘤卵巢囊肿', 1, NULL, '0', './Public/Uploads/img/1527955200/1527991128-7714.png'),
(12, '安太', '鄢爱娥', 22229, '妇科', '0', '2018-06-03 10:43:03', '温彩霞', '女', '36', '已婚', '初诊', NULL, '****', NULL, NULL, '微信', '腺肌瘤 肌瘤', '暂不确定', '未诊', '&lt;p&gt;腺肌瘤 肌瘤&lt;/p&gt;', NULL, '腺肌瘤 肌瘤', 1, NULL, '0', NULL),
(13, '安太', '董俊', 22230, '妇科', '0', '2018-06-03 10:44:39', '宋晓伟', '女', '38', '已婚', '初诊', '辽宁沈阳', '156****6338', NULL, NULL, '安太宝', '腺肌症', '暂不确定', '未诊', NULL, NULL, '腺肌症', 1, NULL, '0', NULL),
(14, '安太', '董俊', 22231, '妇科', '0', '2018-06-03 10:53:09', '薛淑敏', '女', '27', '已婚', '初诊', '北京丰台', '****', NULL, NULL, '微信', '月经量少', '暂不确定', '未诊', '&lt;p&gt;我:&lt;/p&gt;&lt;p&gt;你好&lt;/p&gt;&lt;p&gt;我:&lt;/p&gt;&lt;p&gt;您是咨询月经不调的那位吗？&lt;/p&gt;&lt;p&gt;:&lt;/p&gt;&lt;p&gt;是的&lt;/p&gt;&lt;p&gt;我:&lt;/p&gt;&lt;p&gt;我可以发语音说吗？&lt;/p&gt;&lt;p&gt;:&lt;/p&gt;&lt;p&gt;可以&lt;/p&gt;&lt;p&gt;:&lt;/p&gt;&lt;p&gt;我姓薛&lt;/p&gt;&lt;p&gt;:&lt;/p&gt;&lt;p&gt;就是这次做完流产后去复查的时候有少量宫腔积液，但是当时大夫说，没事，她说子宫回复的不错&lt;/p&gt;&lt;p&gt;&lt;br/&gt;&lt;/p&gt;', NULL, '月经量少', 1, NULL, '0', NULL),
(15, '安太', '王雪芹', 22232, '妇科', '0', '2018-06-03 11:12:18', '李杨', '女', '29', '已婚', '初诊', NULL, '150****3099', NULL, NULL, '电话', '多囊', '暂不确定', '未诊', '&lt;p&gt;多囊&lt;/p&gt;', NULL, '多囊  姑姑帮忙咨询的', 1, NULL, '0', NULL),
(16, '安太', '董俊', 22233, '妇科', '0', '2018-06-03 13:37:39', '王晓雨', '女', '24', '已婚', '初诊', '黑龙江大庆', '****', NULL, NULL, '微信', '多囊宫颈松弛', '暂不确定', '未诊', '&lt;p&gt;:&lt;/p&gt;&lt;p&gt;你备注姓好了&lt;/p&gt;&lt;p&gt;:&lt;/p&gt;&lt;p&gt;就是多囊和安太环一起做费用大概是多少&lt;/p&gt;&lt;p&gt;我:&lt;/p&gt;&lt;p&gt;说实话 &amp;nbsp;姓王的太多，&lt;/p&gt;&lt;p&gt;:&lt;/p&gt;&lt;p&gt;呵呵&lt;/p&gt;&lt;p&gt;:&lt;/p&gt;&lt;p&gt;那是&lt;/p&gt;&lt;p&gt;我:&lt;/p&gt;&lt;p&gt;单纯一个姓 谁也去区分不开&lt;/p&gt;&lt;p&gt;:&lt;/p&gt;&lt;p&gt;是&lt;/p&gt;&lt;p&gt;:&lt;/p&gt;&lt;p&gt;王晓雨&lt;/p&gt;&lt;p&gt;我:&lt;/p&gt;&lt;p&gt;来咨询的 大部分都是妇科 产科方面的疑难杂症&amp;nbsp;&lt;/p&gt;&lt;p&gt;:&lt;/p&gt;&lt;p&gt;是&lt;/p&gt;&lt;p&gt;我:&lt;/p&gt;&lt;p&gt;你多大年龄？&lt;/p&gt;&lt;p&gt;:&lt;/p&gt;&lt;p&gt;你存小雨也可以&lt;/p&gt;&lt;p&gt;:&lt;/p&gt;&lt;p&gt;今年24&lt;/p&gt;&lt;p&gt;我:&lt;/p&gt;&lt;p&gt;这么年轻呢，&lt;/p&gt;&lt;p&gt;:&lt;/p&gt;&lt;p&gt;嗯&lt;/p&gt;&lt;p&gt;:&lt;/p&gt;&lt;p&gt;一月4号做的流产&lt;/p&gt;&lt;p&gt;:&lt;/p&gt;&lt;p&gt;现在休息五个月了&lt;/p&gt;&lt;p&gt;:&lt;/p&gt;&lt;p&gt;哦哦&lt;/p&gt;&lt;p&gt;:&lt;/p&gt;&lt;p&gt;要是怀孕了也能做吗&lt;/p&gt;&lt;p&gt;我:&lt;/p&gt;&lt;p&gt;是&lt;/p&gt;&lt;p&gt;我:&lt;/p&gt;&lt;p&gt;但是必须赶在怀孕前三个月&lt;/p&gt;&lt;p&gt;:&l', NULL, '多囊 宫颈松弛 1月4号晚期流产 孕5个月时候', 1, NULL, '0', NULL),
(17, '安太', '董俊', 22234, '妇科', '0', '2018-06-03 13:39:08', '王晓雨', '女', '0', '已婚', '初诊', '黑龙江大庆', '137****5406', NULL, NULL, '微信', '多囊 宫颈松弛', '暂不确定', '未诊', '&lt;p&gt;我:&lt;/p&gt;&lt;p&gt;安太环治疗 &amp;nbsp;之后 孕期不用卧床 &amp;nbsp;正常的自由活动，&lt;/p&gt;&lt;p&gt;:&lt;/p&gt;&lt;p&gt;哦&lt;/p&gt;&lt;p&gt;我:&lt;/p&gt;&lt;p&gt;产检生产在当地就行，&lt;/p&gt;&lt;p&gt;我:&lt;/p&gt;&lt;p&gt;你可以把你的检查单发给我&lt;/p&gt;&lt;p&gt;:&lt;/p&gt;&lt;p&gt;就是怀孕了不用卧床&lt;/p&gt;&lt;p&gt;我:&lt;/p&gt;&lt;p&gt;我详细帮你问问院长，&lt;/p&gt;&lt;p&gt;我:&lt;/p&gt;&lt;p&gt;因为手术是院长亲自来做&lt;/p&gt;&lt;p&gt;我:&lt;/p&gt;&lt;p&gt;我这边给你确定不了的，&lt;/p&gt;&lt;p&gt;:&lt;/p&gt;&lt;p&gt;多囊是好几年前查的&lt;/p&gt;&lt;p&gt;我:&lt;/p&gt;&lt;p&gt;你现在身边有什么检查单？&lt;/p&gt;&lt;p&gt;:&lt;/p&gt;&lt;p&gt;大概需要多少钱&lt;/p&gt;&lt;p&gt;:&lt;/p&gt;&lt;p&gt;这个可以看出是宫颈松弛吗&lt;/p&gt;&lt;p&gt;我:&lt;/p&gt;&lt;p&gt;不能，只能看出宫颈口开了，&lt;/p&gt;&lt;p&gt;:&lt;/p&gt;&lt;p&gt;哦&lt;/p&gt;&lt;p&gt;我:&lt;/p&gt;&lt;p&gt;但是具体宫颈几号棒顺利通过 &amp;nbsp;这个检查单体现不出来，&lt;/p&gt;&lt;p&gt;:&lt;/p&gt;&lt;p&gt;怎么样是宫颈松弛呢&lt;/p&gt;&lt;p&gt;:&lt;/p&gt;&lt;p&gt;哦&lt;/p&gt;&lt;p&gt;我:&lt;/p&gt;&lt;p&gt;宫颈松弛，程度是不一样的&lt;/p&gt;&lt;p&gt;:&lt;/p&gt;&lt;p&gt;那怀孕了也查不出来吧&lt;/p&gt;&lt;p&gt;我:&lt;/p&gt', NULL, '多囊 宫颈松弛  1月4号流产一个（孕5个月的时候）', 1, NULL, '0', NULL),
(18, '安太', '王雪芹', 22235, '妇科', '0', '2018-06-03 14:15:34', '周文矫', '女', '29', '已婚', '初诊', NULL, '134****6099', NULL, NULL, '微信', '腺肌症', '暂不确定', '未诊', '&lt;p&gt;腺肌症&lt;/p&gt;', NULL, '腺肌症  没有孩子', 0, NULL, '0', NULL),
(19, '安太', '王雪芹', 22236, '妇科', '0', '2018-06-03 14:18:59', '周文娇', '女', '29', '已婚', '初诊', NULL, '134****6099', NULL, NULL, '微信', '腺肌症 未孕', '暂不确定', '未诊', '&lt;p&gt;腺肌症 未孕&lt;/p&gt;', NULL, '腺肌症 未孕', 1, NULL, '0', NULL),
(20, '安太', '王雪芹', 22237, '妇科', '0', '2018-06-03 14:40:38', '陈景荣', '女', '31', '已婚', '初诊', NULL, '****', NULL, NULL, '微信', '腺肌症', '暂不确定', '未诊', '&lt;p&gt;腺肌症&lt;/p&gt;', NULL, '腺肌症  山西 安康  \n', 1, NULL, '0', NULL),
(21, '安太', '董俊', 22238, '妇科', '0', '2018-06-03 15:01:55', '沈美芳', '女', '52', '已婚', '初诊', '腺肌症', '177****8182', NULL, NULL, '商务通', '腺肌症', '暂不确定', '未诊', '&lt;p&gt;商务通打电话的&lt;br/&gt;&lt;/p&gt;', NULL, '腺肌症痛经出血不止', 1, NULL, '0', NULL),
(22, '安太', '王雪芹', 22239, '妇科', '0', '2018-06-03 17:00:59', '王宏霞', '女', '50', '已婚', '初诊', NULL, '****', NULL, NULL, '微信', '腺肌症 肌瘤', '暂不确定', '未诊', '&lt;p&gt;腺肌症 肌瘤&lt;/p&gt;', NULL, '腺肌症 肌瘤', 1, NULL, '0', NULL),
(23, '安太', '王雪芹', 22240, '妇科', '0', '2018-06-03 17:01:38', '魏慧琴', '女', '28', '已婚', '初诊', NULL, '156****1791', NULL, NULL, '商务通', '二次宫外孕', '暂不确定', '未诊', '&lt;p&gt;二次宫外孕&lt;/p&gt;', NULL, '二次宫外孕', 1, NULL, '0', NULL),
(24, '安太', '王欢', 22241, '妇科', '0', '2018-06-03 18:19:35', '李朝晖', '女', '0', '已婚', '初诊', NULL, '156****6885', NULL, NULL, '电话', '巴氏腺囊肿', '暂不确定', '未诊', NULL, NULL, '巴氏腺囊肿\n', 1, NULL, '0', NULL),
(25, '安太', '王欢', 22242, '妇科', '0', '2018-06-03 18:57:26', '陈漫', '女', '0', '已婚', '初诊', NULL, '186****0981', NULL, NULL, '大众&amp;美', '产检', '暂不确定', '未诊', '&lt;p&gt;美团&lt;/p&gt;', NULL, '孕17周产检，有母子健康手册，有建档的打算\n', 1, NULL, '0', NULL),
(26, '安太', '徐雪燕', 22243, '妇科', '0', '2018-06-03 21:21:33', '曾华', '女', '0', 'bm', '初诊', NULL, '****', NULL, NULL, '微信', '胎停', '暂不确定', '未诊', '&lt;p&gt;&amp;lt;p&amp;gt;微信&amp;lt;/p&amp;gt;&lt;/p&gt;', '第一次是摔跤流产，第二次是生化，第三次先有一小点出血保胎吃了地觉孕酮片，宝胎灵保到第四周还是胎停\n', '胎停育', 1, NULL, '0', NULL),
(27, '安太', '徐雪燕', 22244, '妇科', '0', '2018-06-03 21:24:15', '韩丽媛', '女', '0', '已婚', '初诊', NULL, '****', NULL, NULL, '微信', '双角子宫', '暂不确定', '未诊', '&lt;p&gt;微信&lt;/p&gt;&lt;p&gt;&lt;br/&gt;&lt;/p&gt;', NULL, '双角子宫', 1, NULL, '0', NULL),
(28, '安太', '王欢', 22245, '妇科', '2018-06-04', '2018-06-03 21:26:38', '杨仲媛', '女', '0', '已婚', '初诊', NULL, '186****2306', NULL, NULL, '电话', '监测排卵', '暂不确定', '2018-06-04 11:37:12', NULL, NULL, '监测排卵，科室', 1, NULL, '0', NULL),
(29, '安太', '王欢', 22246, '妇科', '0', '2018-06-03 21:28:08', '王秀英', '女', '0', '已婚', '初诊', NULL, '****', NULL, NULL, '商务通', '腺肌症', '暂不确定', '未诊', '&lt;ul class=&quot; list-paddingleft-2&quot;&gt;&lt;li&gt;&lt;p&gt;2018-06-03 21:02:12 从[搜索引擎,搜索关键词:泉肌炎]:&lt;a title=&quot;https://m.baidu.com/baidu.php?sc.0s0000KlmKuCTsdU2mzZIyqxALJpExqFjtDQKD3_yPM8duqUaNeZd7xqrd-6scbZ4OVjmlFrDI55qGBSO_D71XbG4kK2HwF4Z730Ue-84fX5cAfjV8mrtemfRNl02di5lMHCZCufvKg05yNoPgwWh-6j22rxXxzNgQCUGWKU3UUBTKQEgs.DD_iIhozuCp3XdDZjN6uBC563Igw-3mrOotEUS9S5SdsgTEoO_4r5uu3tTOdOtZjJlnEjdzyNSPXHFbyF9vrr8zz8Exua_nYQAiE_3tN.U1Yk0ZDqz2JtCIZg0ZGsUWYsnH0VPWTdn1TLPH60TA-W5H00IjL5vUz9dJQy1_ZA8_rLEUXC0A-V5Hczn6KM5gIbXWD0Iybq0ZKGujYkP0KWpyfqn1cs0AdY5HDsnHIxnH0krNtznjmzg1ckPWNxn1msnNtznjRk0AVG5H00TMfqrjTs0ANGujYknHfdPHKxnHDYP1f1g1Dzn1c1nNtknWndPHFxnHcsnWczg1DsP1nkndtknH63rHNxnHD3rjmdg1Dkrj6YnNtknH63nWuxnHD3P1b3g1DkP1n1P-tknHTYn17xnHczP1bkg1Dzn16YnNtknWndP1c0mhbqnW0vg1fsn-tznj0sn-tznj01nfKVm1YLPjbkPWDYPWPxnH0snNt4nH01nWcvP17xPWR1n103g1KxPW0dP1Tzn0KkTA-b5H00TyPGujYs0ZFMIA7M5H00mycqn7ts0ANzu1Ys0ZKs5HcLnHRYPWTLrjT0UMus5H08nj0snj0snj00Ugws5H00uAwETjYs0ZFJ5H00uANv5gIGTvR0uMfqn6KspjYs0Aq1', NULL, '腺肌症，43岁，河南', 1, NULL, '0', NULL),
(30, '安太', '徐雪燕', 22247, '妇科', '0', '2018-06-03 22:05:03', '孟晓燕', '女', '0', '已婚', '初诊', NULL, '158****2316', NULL, NULL, '商务通', '腺肌症', '暂不确定', '未诊', '&lt;p&gt;电话&lt;/p&gt;&lt;p&gt;&lt;br/&gt;&lt;/p&gt;', '告知手术安排两个月之后的号位，到时通知\n', '腺肌症47岁，卵巢囊肿，费用三万到三万五', 1, NULL, '0', NULL),
(31, '安太', '徐雪燕', 22248, '妇科', '0', '2018-06-03 22:19:34', '杨欣', '女', '0', '已婚', '初诊', NULL, '****', NULL, NULL, '微信', '查孕', '暂不确定', '未诊', '&lt;p&gt;&amp;lt;p&amp;gt;:&amp;lt;/p&amp;gt;&amp;lt;p&amp;gt;问题是，我月经不准，要么就是推迟十多天，要么就是提前几天，所以我不知道是多久来&amp;lt;/p&amp;gt;&amp;lt;p&amp;gt;我:&amp;lt;/p&amp;gt;&amp;lt;p&amp;gt;那你就到6月13号在复查一下&amp;lt;/p&amp;gt;&amp;lt;p&amp;gt;我:&amp;lt;/p&amp;gt;&amp;lt;p&amp;gt;做个彩超看一下子宫内膜的情况，在结合血HCG基本就能确定有无怀孕&amp;lt;/p&amp;gt;&amp;lt;p&amp;gt;:&amp;lt;/p&amp;gt;&amp;lt;p&amp;gt;好的，谢谢你&amp;lt;/p&amp;gt;&amp;lt;p&amp;gt;:&amp;lt;/p&amp;gt;&amp;lt;p&amp;gt;医生您贵姓呢&amp;lt;/p&amp;gt;&amp;lt;p&amp;gt;我:&amp;lt;/p&amp;gt;&amp;lt;p&amp;gt;不用客气&amp;lt;/p&amp;gt;&amp;lt;p&amp;gt;我:&amp;lt;/p&amp;gt;&amp;lt;p&amp;gt;我叫徐雪艳，你叫什么名字呢&amp;lt;/p&amp;gt;&amp;lt;p&amp;gt;:&amp;lt;/p&amp;gt;&amp;lt;p&amp;gt;杨欣&amp;lt;/p&amp;gt;&amp;lt;p&amp;gt;我:&amp;lt;/p&amp;gt;&amp;lt;p&amp;gt;嗯好的，那你打算要吗&amp;lt;/p&amp;gt;&amp;lt;p&amp;gt;我:&amp;lt;/p&amp;gt;&amp;lt;p&amp;gt;如果真是怀孕的话&amp;lt;/p&amp;gt;&amp;lt;p&amp;gt;&amp;lt;br/&amp;gt;&amp;lt;/p&amp;gt;&lt;/p&gt;', '末次5月13', '查孕', 1, NULL, '0', NULL),
(32, '安太', '徐雪燕', 22249, '妇科', '0', '2018-06-03 22:36:23', '李露', '女', '0', '已婚', '初诊', NULL, '158****2028', NULL, NULL, '微信', '宫颈松弛', '暂不确定', '未诊', '&lt;p&gt;&lt;strong&gt;客服咨询xu&lt;/strong&gt; 06-03 22:20:32&lt;/p&gt;&lt;p&gt;你最后一次流产是什么时间&lt;/p&gt;&lt;p&gt;&lt;strong&gt;湖北省武汉市客人1430&lt;/strong&gt; 06-03 22:20:52&lt;/p&gt;&lt;p&gt;上月10&lt;/p&gt;&lt;p&gt;&lt;strong&gt;湖北省武汉市客人1430&lt;/strong&gt; 06-03 22:20:58&lt;/p&gt;&lt;p&gt;号&lt;/p&gt;&lt;p&gt;&lt;strong&gt;客服咨询xu&lt;/strong&gt; 06-03 22:21:55&lt;/p&gt;&lt;p&gt;那还没有满月呢，你好好养身体，不要伤心过度了&lt;/p&gt;&lt;p&gt;&lt;strong&gt;客服咨询xu&lt;/strong&gt; 06-03 22:22:19&lt;/p&gt;&lt;p&gt;你微信号多少，我加你，朋友圈有相关资料，你抽空可以去了解一下&lt;/p&gt;&lt;p&gt;&lt;strong&gt;湖北省武汉市客人1430&lt;/strong&gt; 06-03 22:22:31&lt;/p&gt;&lt;p&gt;嗯！是呀！&lt;/p&gt;&lt;p&gt;&lt;strong&gt;湖北省武汉市客人1430&lt;/strong&gt; 06-03 22:23:04&lt;/p&gt;&lt;p&gt;你们这个手术大概需要多少钱&lt;/p&gt;&lt;p&gt;&lt;strong&gt;湖北省武汉市客人1430&lt;/strong&gt; 06-03 22:23:31&lt;/p&gt;&lt;p&gt;15871722028&lt;/p&gt;&lt;p&gt;&lt;strong&gt;客服咨询xu&lt;/strong&gt; 06-03 22:26:08&lt;/p&gt;&lt;p&gt;&lt;span style=&quot;font-size: 16px&quot;&gt;&lt;span style=&quot;font-family:Times New R', NULL, '晚期流产过三次，5月10号最后一次流产', 1, NULL, '0', NULL),
(33, '安太', '徐雪燕', 22250, '妇科', '2018-06-04', '2018-06-04 08:38:54', '张颖', '女', '0', '已婚', '初诊', NULL, '186****0406', NULL, NULL, '大众&amp;美', '人流', '暂不确定', '2018-06-04 09:30:20', '&lt;p&gt;&amp;lt;p&amp;gt;电话&amp;lt;/p&amp;gt;&lt;/p&gt;', NULL, '人流', 1, NULL, '0', NULL),
(34, '安太', '徐雪燕', 22251, '妇科', '0', '2018-06-04 08:53:27', '韩博婧', '女', '0', '已婚', '初诊', NULL, '136****0259', NULL, NULL, '微信', '备孕', '暂不确定', '未诊', '&lt;p&gt;&lt;strong&gt;客服咨询xu&lt;/strong&gt; 06-04 08:46:07&lt;/p&gt;&lt;p&gt;&lt;span style=&quot;font-size: 16px;font-family: 宋体&quot;&gt;排卵检测是在月经第10天开始检测的，隔天检测一次&lt;/span&gt;&lt;/p&gt;&lt;p&gt;&lt;strong&gt;客服咨询xu&lt;/strong&gt; 06-04 08:46:12&lt;/p&gt;&lt;p&gt;&lt;span style=&quot;font-size: 16px;font-family: 宋体&quot;&gt;看卵泡的增长速度&lt;/span&gt;&lt;/p&gt;&lt;p&gt;&lt;strong&gt;北京市客人111&lt;/strong&gt; 06-04 08:46:27&lt;/p&gt;&lt;p&gt;我是上个月做的&amp;nbsp;月经第14天做的&lt;/p&gt;&lt;p&gt;&lt;strong&gt;北京市客人111&lt;/strong&gt; 06-04 08:46:35&lt;/p&gt;&lt;p&gt;显示有8个卵泡&lt;/p&gt;&lt;p&gt;&lt;strong&gt;北京市客人111&lt;/strong&gt; 06-04 08:46:41&lt;/p&gt;&lt;p&gt;但是都太小了&lt;/p&gt;&lt;p&gt;&lt;strong&gt;北京市客人111&lt;/strong&gt; 06-04 08:46:58&lt;/p&gt;&lt;p&gt;我就放弃了&amp;nbsp;没再同房&amp;nbsp;也没再检查&lt;/p&gt;&lt;p&gt;&lt;strong&gt;客服咨询xu&lt;/strong&gt; 06-04 08:47:04&lt;/p&gt;&lt;p&gt;&lt;span style=&quot;font-size: 16px;font-family: 宋体&quot;&gt;那检查单子还在吗&lt;/span&gt;&lt;/p&gt;&lt;p&gt;&lt;strong&gt;客服咨询xu&lt;/stron', NULL, '备孕', 1, NULL, '0', NULL),
(35, '安太', '王欢', 22252, '妇科', '0', '2018-06-04 09:06:52', '郭莉娜', '女', '0', '已婚', '初诊', NULL, '155****7875', NULL, NULL, '微信', '腺肌症', '暂不确定', '未诊', '&lt;p&gt;&lt;img src=&quot;/ueditor/php/upload/image/20180604/1528074394398087.png&quot; title=&quot;1528074394398087.png&quot; alt=&quot;blob.png&quot;/&gt;&lt;/p&gt;', NULL, '腺肌症，30岁，河北', 1, NULL, '0', NULL),
(36, '安太', '王欢', 22253, '妇科', '0', '2018-06-04 09:18:39', '郭莉娜', '女', '0', '已婚', '初诊', NULL, '187****1863', NULL, NULL, '电话', '腺肌症', '暂不确定', '未诊', NULL, NULL, '腺肌症，30岁，河北\n', 1, NULL, '0', NULL),
(37, '安太', '王欢', 22254, '妇科', '0', '2018-06-04 09:54:19', '许丹丹', '女', '0', '已婚', '初诊', NULL, '187****0967', NULL, NULL, '商务通', '产检', '暂不确定', '未诊', '&lt;ul class=&quot; list-paddingleft-2&quot;&gt;&lt;li&gt;&lt;p&gt;&lt;span class=&quot;trackfont&quot;&gt;2018-06-04 09:44:04 从[搜索引擎,搜索关键词:沧州颐和四维预约电话]:&lt;a title=&quot;https://m.baidu.com/baidu.php?sc.K000000fJeHuq9k18aDLkKZgV-8XnamnPpGiLraw0Ek2qNKgEBYd01g_vLqrt-KVwnTdgzvqqC4WcSL6aQfxHBxXuqc7kSVmgQbUnAHMdT-nxQSdbD4L1vP1pG_Dru6j9tJE6WOatw_sNtvA0Ji0w2C64wlmYHpx4-rEq13J-dC4ZUChkf.DY_iIhozuCp3XdDjo3lapD13m3cgRgHfuQ2qb7-IhSjWvyTSOotEUS9S5Sdx-4xUtrH__tpenOsOSa5699l4Q2q--IhqmhPMuvgtEKA_nYQ7xWuEL20.U1Yk0ZDq_VxyLIQj8_LQknl_d2HREQgM8e00XMK85H0knaYvP1R1P1Tdr0Kspynqn0KY5IxvztHroQQ2_l1RqTrYd2HRE0KGUHYznWc0u1dLuZCk0ZNG5fKspyfqnfKWpyfqn1bk0AdY5H6dPH9xnH0kPdtknjD4g1nvnj7xnW0dnfKopHYz0ZFY5HDsP0K-pyfqnHcznH0zg1DkPjRdn7tknWnzn17xnH0zPWc3g1Dzn1T4r7tknWn3PWIxnHcsnHnsg1Dzn1TzP7tknH63rH7xnHD3rjTYg1Dkrj6dPNtknH63nW9xnHD3P1b4g1Dzn1fvPNtknjT1nHuxnHDLn1nY0AFG5HcsP-tYnjFxnW0snj7xnW0sn1D0UynqPWR1n103g1TYrHDvnHfvndtknj0kg1KxPW0dP1Tzn0KkTA-b5HD10Z7Wpyfqn10d0ZFMIA7M5H00mycqn7ts0ANzu1Ys0ZKs5H00UMus5H08nj0snj0snj00Ug', NULL, '孕28周做心脏彩超，600元，普通B超380', 1, NULL, '0', NULL),
(38, '安太', '徐雪燕', 22255, '妇科', '0', '2018-06-04 10:11:47', '栗羽娟', '女', '0', '已婚', '初诊', NULL, '135****3350', NULL, NULL, '安太宝', '四维', '暂不确定', '未诊', '&lt;p&gt;电话&lt;/p&gt;', NULL, '23周四维780，诊费10元\n', 1, NULL, '0', NULL),
(39, '安太', '徐雪燕', 22256, '妇科', '0', '2018-06-04 10:43:36', '欧阳艳胜', '女', '0', '已婚', '初诊', NULL, '130****4006', NULL, NULL, '电话', '口腔科', '暂不确定', '未诊', NULL, NULL, '口腔', 1, NULL, '0', NULL),
(40, '安太', '徐雪燕', 22257, '妇科', '0', '2018-06-04 11:02:54', '何小芳', '女', '0', '已婚', '初诊', NULL, '182****7488', NULL, NULL, '微信', '查孕', '暂不确定', '未诊', '&lt;p class=&quot;operatornamefont&quot;&gt;&lt;strong&gt;客服咨询xu&lt;/strong&gt; 06-04 10:57:00&lt;/p&gt;&lt;p&gt;这个没有正常值，孕周越大，血HCG越高&lt;/p&gt;&lt;p class=&quot;operatornamefont&quot;&gt;&lt;strong&gt;客服咨询xu&lt;/strong&gt; 06-04 10:57:13&lt;/p&gt;&lt;p&gt;有参考值的&lt;/p&gt;&lt;p class=&quot;operatornamefont&quot;&gt;&lt;strong&gt;客服咨询xu&lt;/strong&gt; 06-04 10:57:19&lt;/p&gt;&lt;p&gt;如果超过参考值就是怀孕了&lt;/p&gt;&lt;p class=&quot;clientnamefont&quot;&gt;&lt;strong&gt;北京市客人580&lt;/strong&gt; 06-04 10:59:02&lt;/p&gt;&lt;p&gt;我的是20，第一周是5到50&lt;/p&gt;&lt;p class=&quot;operatornamefont&quot;&gt;&lt;strong&gt;客服咨询xu&lt;/strong&gt; 06-04 10:59:03&lt;/p&gt;&lt;p&gt;你有检查单子吗&lt;/p&gt;&lt;p class=&quot;operatornamefont&quot;&gt;&lt;strong&gt;客服咨询xu&lt;/strong&gt; 06-04 10:59:06&lt;/p&gt;&lt;p&gt;可以发一下&lt;/p&gt;&lt;p class=&quot;operatornamefont&quot;&gt;&lt;strong&gt;客服咨询xu&lt;/strong&gt; 06-04 10:59:14&lt;/p&gt;&lt;p&gt;你微信号多少，我加你吧，你发我微信上&lt;/p&gt;&lt;p class=&quot;clientnamefont&quot;&gt;&lt;strong&gt;北京市', NULL, '查孕', 1, NULL, '0', NULL),
(41, '安太', '王欢', 22258, '妇科', '0', '2018-06-04 11:11:45', '吴庆妹', '女', '0', '已婚', '初诊', NULL, '173****5030', NULL, NULL, '电话', '腺肌症', '暂不确定', '未诊', NULL, NULL, '腺肌症，想怀孕，35岁，广西\n', 1, NULL, '0', NULL),
(42, '安太', '徐雪燕', 22259, '妇科', '0', '2018-06-04 11:21:28', '汪怡', '女', '0', '已婚', '初诊', NULL, '132****6246', NULL, NULL, '电话', '四维', '暂不确定', '未诊', NULL, NULL, '孕26周四维780，朋友介绍，老公约', 1, NULL, '0', NULL),
(43, '安太', '徐雪燕', 22260, '妇科', '0', '2018-06-04 12:00:30', '郑太清', '女', '0', '已婚', '初诊', NULL, '136****5119', NULL, NULL, '电话', '四维', '暂不确定', '未诊', NULL, NULL, '22周四维780，过两周做', 1, NULL, '0', NULL),
(44, '安太', '徐雪燕', 22261, '妇科', '2018-06-11', '2018-06-04 12:32:00', '李淑杰', '女', '0', '已婚', '初诊', NULL, '****', NULL, NULL, '商务通', '不孕', '暂不确定', '未诊', '&lt;p&gt;&amp;lt;p&amp;gt;电话&amp;lt;/p&amp;gt;&lt;/p&gt;', NULL, '不孕', 1, NULL, '0', NULL),
(45, '安太', '徐雪燕', 22262, '妇科', '2018-06-11', '2018-06-04 12:34:17', '姚新光', '女', '0', '已婚', '初诊', NULL, '138****1075', NULL, NULL, '商务通', '不孕', '暂不确定', '未诊', '&lt;p&gt;&amp;lt;p class=&amp;quot;clientnamefont&amp;quot;&amp;gt;&amp;lt;strong&amp;gt;不孕 河北省承德市客人861&amp;lt;/strong&amp;gt; 06-04 12:29:34&amp;lt;/p&amp;gt;&amp;lt;p&amp;gt;李淑杰&amp;lt;/p&amp;gt;&amp;lt;p class=&amp;quot;operatornamefont&amp;quot;&amp;gt;&amp;lt;strong&amp;gt;客服咨询xu&amp;lt;/strong&amp;gt; 06-04 12:30:06&amp;lt;/p&amp;gt;&amp;lt;p&amp;gt;好的，&amp;lt;/p&amp;gt;&amp;lt;p class=&amp;quot;operatornamefont&amp;quot;&amp;gt;&amp;lt;strong&amp;gt;客服咨询xu&amp;lt;/strong&amp;gt; 06-04 12:30:18&amp;lt;/p&amp;gt;&amp;lt;p&amp;gt;你爱人叫什么名字&amp;lt;/p&amp;gt;&amp;lt;p class=&amp;quot;clientnamefont&amp;quot;&amp;gt;&amp;lt;strong&amp;gt;不孕 河北省承德市客人861&amp;lt;/strong&amp;gt; 06-04 12:30:32&amp;lt;/p&amp;gt;&amp;lt;p&amp;gt;姚新光&amp;lt;/p&amp;gt;&amp;lt;p class=&amp;quot;clientnamefont&amp;quot;&amp;gt;&amp;lt;strong&amp;gt;不孕 河北省承德市客人861&amp;lt;/strong&amp;gt; 06-04 12:30:45&amp;lt;/p&amp;gt;&amp;lt;p&amp;gt;如果我去不上我再联系你&amp;lt;/p&amp;gt;&amp;lt;p class=&amp;quot;clientnamefont&amp;quot;', NULL, '李淑杰\n的老公', 1, NULL, '0', NULL),
(46, '安太', '董俊', 22263, '妇科', '0', '2018-06-04 12:45:27', '孙小丽', '女', '0', '已婚', '初诊', NULL, '****', NULL, NULL, '电话', '术后复查', '暂不确定', '未诊', NULL, NULL, '术后复查', 1, NULL, '0', NULL),
(47, '安太', '王欢', 22264, '妇科', '0', '2018-06-04 13:08:02', '赵春梅', '女', '0', '已婚', '初诊', NULL, '189****3177', NULL, NULL, '电话', '腺肌症', '暂不确定', '未诊', NULL, NULL, '腺肌症，山西，47岁\n', 1, NULL, '0', NULL),
(48, '安太', '王欢', 22265, '妇科', '2018-06-05', '2018-06-04 13:09:40', '赵家玉', '女', '0', '已婚', '初诊', NULL, '176****6277', NULL, NULL, '电话', '监测排卵', '暂不确定', '2018-06-05 10:21:59', NULL, NULL, '监测排卵', 1, NULL, '0', NULL),
(49, '安太', '王欢', 22266, '妇科', '2018-06-04', '2018-06-04 13:11:19', '赵家玉', '女', '0', '已婚', '复诊', NULL, '176****6277', NULL, NULL, '电话', '卵泡检测', '暂不确定', '未诊', NULL, NULL, '卵泡检测', 0, NULL, '0', NULL),
(50, '安太', '王欢', 22267, '妇科', '2018-06-05', '2018-06-04 13:11:46', '贾月琴', '女', '0', '已婚', '初诊', NULL, '****', NULL, NULL, '电话', '人流', '暂不确定', '2018-06-05 09:38:11', NULL, NULL, '人流\n', 1, NULL, '0', NULL),
(51, '安太', '王欢', 22268, '妇科', '0', '2018-06-04 13:58:56', '赵彩霞', '女', '0', '已婚', '初诊', NULL, '185****3372', NULL, NULL, '电话', '产道扩张器', '暂不确定', '未诊', NULL, NULL, '产道扩张器', 1, NULL, '0', NULL),
(52, '安太', '王欢', 22269, '妇科', '0', '2018-06-04 15:02:06', '杨静', '女', '38', '已婚', '初诊', NULL, '****', NULL, NULL, '微信', '多囊', '暂不确定', '未诊', '&lt;p&gt;&lt;img src=&quot;/ueditor/php/upload/image/20180604/1528095710245969.png&quot; title=&quot;1528095710245969.png&quot; alt=&quot;blob.png&quot;/&gt;&lt;/p&gt;', NULL, '多囊，胎停育，承德', 1, NULL, '0', NULL),
(53, '安太', '陈丽红', 22270, '妇科', '0', '2018-06-04 15:11:37', '甄密云', '女', '36', '已婚', '初诊', NULL, '****', 'y5200930', NULL, '商务通', '腺肌症', '暂不确定', '未诊', '&lt;p&gt;无&lt;/p&gt;', NULL, NULL, 1, NULL, '0', NULL),
(54, '安太', '王欢', 22271, '妇科', '0', '2018-06-04 15:17:40', '孙丽娜', '女', '0', '已婚', '初诊', NULL, '138****0280', NULL, NULL, '电话', '四维', '暂不确定', '未诊', NULL, NULL, '孕28周做四维复诊找杨主任', 1, NULL, '0', NULL),
(55, '安太', '徐雪燕', 22272, '妇科', '0', '2018-06-04 15:25:01', '杨蕊', '女', '0', '已婚', '初诊', NULL, '134****0025', NULL, NULL, '微信', '宫颈松弛', '暂不确定', '未诊', '&lt;p&gt;我:&lt;/p&gt;&lt;p&gt;你想哪天过来微信和我说，我到时领你们去找杨院长&lt;/p&gt;&lt;p&gt;:&lt;/p&gt;&lt;p&gt;嗯。 好的&lt;/p&gt;&lt;p&gt;我:&lt;/p&gt;&lt;p&gt;杨院长得提前约好&lt;/p&gt;&lt;p&gt;:&lt;/p&gt;&lt;p&gt;到时候提前跟您联系&lt;/p&gt;&lt;p&gt;我:&lt;/p&gt;&lt;p&gt;好的，你爱人叫什么名字呢，我对她提前有个印象，患者多，我也简单的备注下&lt;/p&gt;&lt;p&gt;:&lt;/p&gt;&lt;p&gt;杨蕊&lt;/p&gt;&lt;p&gt;我:&lt;/p&gt;&lt;p&gt;恩恩好的，我姓徐&lt;/p&gt;&lt;p&gt;我:&lt;/p&gt;&lt;p&gt;这是刚王医生给我发的，她那个患者快生了&lt;/p&gt;&lt;p&gt;我:&lt;/p&gt;&lt;p&gt;现在是37周了，之前剖腹产过一次&lt;/p&gt;&lt;p&gt;我:&lt;/p&gt;&lt;p&gt;环也没有取&lt;/p&gt;&lt;p&gt;我:&lt;/p&gt;&lt;p&gt;那你们先考虑下吧，有时间先过来和杨院长亲自聊聊也行&lt;/p&gt;&lt;p&gt;:&lt;/p&gt;&lt;p&gt;好的&lt;/p&gt;&lt;p&gt;我:&lt;/p&gt;&lt;p&gt;之后在决定要不要手术，毕竟费用高，得慎重考虑一下&lt;/p&gt;&lt;p&gt;:&lt;/p&gt;&lt;p&gt;行&lt;/p&gt;&lt;p&gt;&lt;br/&gt;&lt;/p&gt;', NULL, '宫颈松弛，要二胎，晚期流产过二次，老公电话', 1, NULL, '0', NULL),
(56, '安太', '王欢', 22273, '妇科', '0', '2018-06-04 15:35:09', '毕淑琴', '女', '0', '已婚', '初诊', NULL, '182****5814', NULL, NULL, '电话', '腺肌症', '暂不确定', '未诊', NULL, NULL, '腺肌症，49岁\n', 0, NULL, '0', NULL),
(57, '安太', '王欢', 22274, '妇科', '0', '2018-06-04 15:49:52', '贺敏', '女', '0', '已婚', '初诊', NULL, '182****5814', NULL, NULL, '微信', '晚期流产', '暂不确定', '未诊', '&lt;p&gt;微信&lt;/p&gt;', NULL, '晚期流产，山西\n', 1, NULL, '0', NULL),
(58, '安太', '王欢', 22275, '妇科', '0', '2018-06-04 15:50:19', '毕淑琴', '女', '0', '已婚', '初诊', NULL, '157****6533', NULL, NULL, '电话', '腺肌症', '暂不确定', '未诊', NULL, NULL, '腺肌症，49岁，女儿帮忙咨询的', 1, NULL, '0', NULL),
(59, '安太', '王欢', 22276, '妇科', '0', '2018-06-04 16:12:42', '潭晓伟', '女', '0', '已婚', '初诊', NULL, '****', NULL, NULL, '大众&amp;美', '孕前检查', '暂不确定', '未诊', '&lt;p&gt;大众&lt;br/&gt;&lt;/p&gt;', NULL, '男，孕前检查', 1, NULL, '0', NULL),
(60, '安太', '王欢', 22277, '妇科', '0', '2018-06-04 16:14:27', '王丽秋', '女', '0', '已婚', '初诊', NULL, '****', NULL, NULL, '大众&amp;美', '孕前检查', '暂不确定', '未诊', '&lt;p&gt;大众&lt;/p&gt;', NULL, '女，孕前检查，爱人谭晓伟', 1, NULL, '0', NULL),
(61, '安太', '徐雪燕', 22278, '妇科', '0', '2018-06-04 16:54:00', '陈玲', '女', '0', '已婚', '初诊', NULL, '131****6807', NULL, NULL, '微信', '阴道炎', '暂不确定', '未诊', '&lt;p&gt;电话&lt;/p&gt;', NULL, '初约陈依依，跟踪', 1, NULL, '0', NULL),
(62, '安太', '徐雪燕', 22279, '妇科', '0', '2018-06-04 17:12:30', '武转丽', '女', '0', '已婚', '初诊', NULL, '139****9038', NULL, NULL, '商务通', '腺肌症', '暂不确定', '未诊', '&lt;p&gt;留电话&lt;/p&gt;', NULL, '腺肌症', 1, NULL, '0', NULL),
(63, '安太', '陈丽红', 22280, '妇科', '0', '2018-06-04 17:42:46', '姜明杰', '女', '0', '已婚', '初诊', NULL, '185****3995', NULL, NULL, '电话', '月经不调', '暂不确定', '未诊', '&lt;p&gt;无&lt;/p&gt;', NULL, NULL, 1, NULL, '0', NULL),
(64, '安太', '陈丽红', 22281, '妇科', '0', '2018-06-04 18:26:12', '刘翠霞', '女', '29', '已婚', '初诊', '北京房山', '****', 'lcx13071189732', NULL, '商务通', '胎停育？', '暂不确定', '未诊', '&lt;p&gt;无&lt;/p&gt;', NULL, NULL, 1, NULL, '0', NULL),
(65, '安太', '鄢爱娥', 22282, '妇科', '0', '2018-06-04 18:38:46', '刘颖', '女', '0', '已婚', '初诊', NULL, '****', NULL, NULL, '微信', '怀疑宫外孕？目前住丰台', '暂不确定', '未诊', '&lt;p&gt;有&lt;/p&gt;', NULL, NULL, 1, NULL, '0', NULL),
(66, '安太', '鄢爱娥', 22283, '妇科', '0', '2018-06-04 19:34:11', '宋志慧', '女', '0', '已婚', '初诊', NULL, '****', NULL, NULL, '微信', '腺肌症37，', '暂不确定', '未诊', '&lt;p&gt;微信里有电话&lt;/p&gt;', NULL, NULL, 1, NULL, '0', NULL),
(67, '安太', '陈丽红', 22284, '妇科', '0', '2018-06-04 19:39:35', '乔继荣', '女', '38', '已婚', '初诊', '山西 太谷', '****', NULL, NULL, '商务通', '腺肌症  子宫体积增大', '暂不确定', '未诊', '&lt;p&gt;无&lt;/p&gt;', NULL, NULL, 1, NULL, '0', NULL),
(68, '安太', '陈丽红', 22285, '妇科', '0', '2018-06-04 19:44:27', '王杰', '女', '27', '已婚', '初诊', NULL, '****', NULL, NULL, '商务通', '腺肌症 河北保定', '暂不确定', '未诊', '&lt;p&gt;无&lt;/p&gt;', NULL, NULL, 1, NULL, '0', NULL),
(69, '安太', '陈丽红', 22286, '妇科', '0', '2018-06-04 21:12:48', '刘凯', '女', '28', '已婚', '初诊', NULL, '131****9092', NULL, NULL, '商务通', '腺肌症，想要孩子', '暂不确定', '未诊', '&lt;ul class=&quot; list-paddingleft-2&quot;&gt;&lt;li&gt;&lt;p&gt;&lt;span class=&quot;trackfont&quot;&gt;&lt;span style=&quot;color: rgb(0, 139, 139); font-size: 12px;&quot;&gt;2018-06-04 20:58:29 从[搜索引擎,搜索关键词:美国悦姿治腺肌症效果]:&lt;/span&gt;&lt;a title=&quot;https://m.baidu.com/baidu.php?sc.K000000fJeHuq9k18cHWc_2b86hT0SaaAMZtZgBmZsuRKpbuk09jg20IhfTybn6GeD9xR2pqlVzMc1bHZbR1fWNDtFDfqP906qG25Xg_dZzRmU3bc55dpQt4PZHejKu5mCSVBXGGu9KWmxSQgZS_DCG-iamNNLa3oU2rRtJk8OgSr6ShFs.DR_iIhozuCp3XdDZjN6uBC563Igw-3mrOotEUS9S5SdsgTEoO_4r5ZFuvuOoO3rZNYuXZob_otpthHc_Hj_TII--IXS1A_nYQAHWvTTB60.U1Yz0ZDqsta4SVHjdtEy1_OuE2ZyCVaM8x_0XMK85H0knaYvP1R1P1Tdr0Kspynqn0KY5TOuE2ZyCVHdseHy1_ZA0A-V5Hczn6KM5gI-TZns0ZNG5fKspyfqnHT0mv-b5Hndn6KVIjYknjDLg1DsnH-xnW0vn-t1PW0kg1csPHD0pvbqn0KzIjY4PWb0uy-b5HDkPjRdn-tknjbLP1NxnHcsnWDdg1DsP1nkn-tknH63rHKxnHD3rjR4g1Dkrj6dndtknH63nH9xnHD3rj0kg1DkP1n1n7tknWcsn1wxnHczP163g1Dzn16YnNtknWndP1PxnHc1rjD1g1DznjRdn0KBpHYznjuxPj0zg1csnj0zg1csnjnk0AdW5HTYrHDvnHfvndtknj0kg1bknjnznWmLnNtsg1msPHTLnW00Tg', NULL, NULL, 1, NULL, '0', NULL),
(70, '安太', '陈丽红', 22287, '妇科', '0', '2018-06-04 21:29:16', '陈静', '女', '23', '已婚', '初诊', NULL, '157****5393', NULL, NULL, '电话', '人流', '暂不确定', '未诊', '&lt;p&gt;无&lt;/p&gt;', NULL, NULL, 1, NULL, '0', NULL),
(71, '安太', '陈丽红', 22288, '妇科', '0', '2018-06-04 21:48:40', '顾倩', '女', '25', '已婚', '初诊', '江苏', '****', NULL, NULL, '商务通', '多囊卵巢', '暂不确定', '未诊', '&lt;p&gt;无&lt;/p&gt;', NULL, NULL, 1, NULL, '0', NULL);

-- --------------------------------------------------------

--
-- 表的结构 `tp5_0416_order`
--

CREATE TABLE IF NOT EXISTS `tp5_0416_order` (
  `id` mediumint(9) NOT NULL AUTO_INCREMENT COMMENT 'ID',
  `yynum` varchar(30) NOT NULL COMMENT '预约号',
  `name` varchar(30) NOT NULL COMMENT '患者姓名',
  `sex` varchar(30) NOT NULL COMMENT '性别',
  `age` varchar(30) NOT NULL COMMENT '年龄',
  `djtime` varchar(255) NOT NULL COMMENT '登记时间',
  `xgtime` varchar(255) NOT NULL COMMENT '修改时间',
  `yytime` varchar(255) NOT NULL COMMENT '预约时间',
  `dztime` varchar(255) NOT NULL COMMENT '到诊时间',
  `kefu` varchar(30) NOT NULL COMMENT '客服	',
  `desc` text COMMENT '病情描述	',
  `qudao` varchar(30) NOT NULL COMMENT '渠道',
  `pic` varchar(255) DEFAULT NULL COMMENT '图片',
  `beizhu` text COMMENT '备注',
  `yuyue` int(11) NOT NULL COMMENT '是否预约',
  `daozhen` int(11) NOT NULL COMMENT '是否到诊',
  `czfz` int(11) NOT NULL COMMENT '初诊/复诊',
  `tel` varchar(30) DEFAULT NULL COMMENT '电话',
  `kefuid` mediumint(9) NOT NULL COMMENT '客服ID',
  `del` int(11) NOT NULL DEFAULT '0' COMMENT '是否删除',
  `keshi` varchar(30) NOT NULL COMMENT '科室',
  `doctor` varchar(30) NOT NULL COMMENT '预约医生',
  `weixin` varchar(30) DEFAULT NULL COMMENT '微信',
  `qq` varchar(30) DEFAULT NULL COMMENT 'QQ',
  `address` varchar(255) DEFAULT NULL COMMENT '地址',
  `jiehun` varchar(30) NOT NULL COMMENT '婚否',
  `liaotian` text COMMENT '聊天记录',
  `yuanqu` varchar(30) NOT NULL COMMENT '就诊院区',
  `type` varchar(30) NOT NULL COMMENT '类别',
  `disease` varchar(30) NOT NULL COMMENT '病种',
  `keywords` varchar(30) NOT NULL COMMENT '关键词',
  `xx` int(11) DEFAULT NULL COMMENT 'xx',
  `huifang` int(11) DEFAULT NULL COMMENT '回访',
  `hftime` varchar(30) DEFAULT NULL COMMENT '回访时间',
  PRIMARY KEY (`id`),
  KEY `id` (`id`)
) ENGINE=MyISAM DEFAULT CHARSET=utf8 AUTO_INCREMENT=1 ;

-- --------------------------------------------------------

--
-- 表的结构 `tp5_0416_patient`
--

CREATE TABLE IF NOT EXISTS `tp5_0416_patient` (
  `id` mediumint(9) NOT NULL AUTO_INCREMENT COMMENT 'ID',
  `name` varchar(30) NOT NULL COMMENT '姓名',
  `keshi` varchar(30) NOT NULL COMMENT '科室',
  `sex` varchar(30) NOT NULL COMMENT '性别',
  `desc` text NOT NULL COMMENT '病情描述',
  `beizhu` text NOT NULL COMMENT '备注',
  `time` int(11) NOT NULL COMMENT '预约时间',
  PRIMARY KEY (`id`)
) ENGINE=MyISAM DEFAULT CHARSET=utf8 AUTO_INCREMENT=1 ;

-- --------------------------------------------------------

--
-- 表的结构 `tp50503_admin_department`
--

CREATE TABLE IF NOT EXISTS `tp50503_admin_department` (
  `id` int(11) NOT NULL AUTO_INCREMENT,
  `name` varchar(50) NOT NULL,
  `desc` varchar(200) NOT NULL,
  `status` int(11) NOT NULL DEFAULT '1',
  `create_time` int(11) DEFAULT NULL,
  `update_time` int(11) DEFAULT NULL,
  PRIMARY KEY (`id`)
) ENGINE=InnoDB  DEFAULT CHARSET=utf8 AUTO_INCREMENT=3 ;

--
-- 转存表中的数据 `tp50503_admin_department`
--

INSERT INTO `tp50503_admin_department` (`id`, `name`, `desc`, `status`, `create_time`, `update_time`) VALUES
(1, '行政部', '行政部', 1, 1478228668, 1478228668),
(2, '技术部', '技术部', 1, 1478228705, 1478228705);

-- --------------------------------------------------------

--
-- 表的结构 `tp50503_admin_integral`
--

CREATE TABLE IF NOT EXISTS `tp50503_admin_integral` (
  `id` int(11) NOT NULL AUTO_INCREMENT,
  `name` varchar(50) NOT NULL,
  `department_id` int(11) NOT NULL DEFAULT '1' COMMENT '部门id',
  `jobs_id` int(11) DEFAULT '1' COMMENT '职位ID',
  `integral_value` int(11) NOT NULL COMMENT 'Integral value',
  `validation` int(11) NOT NULL DEFAULT '0' COMMENT '验证方法',
  `desc` varchar(100) DEFAULT NULL COMMENT '备注',
  `status` int(11) NOT NULL DEFAULT '1' COMMENT '状态',
  `create_time` int(11) DEFAULT NULL,
  `update_time` int(11) DEFAULT NULL,
  PRIMARY KEY (`id`)
) ENGINE=InnoDB DEFAULT CHARSET=utf8 AUTO_INCREMENT=1 ;

-- --------------------------------------------------------

--
-- 表的结构 `tp50503_admin_jobs`
--

CREATE TABLE IF NOT EXISTS `tp50503_admin_jobs` (
  `id` int(11) NOT NULL AUTO_INCREMENT,
  `name` varchar(50) NOT NULL,
  `desc` varchar(100) DEFAULT NULL,
  `status` int(11) NOT NULL DEFAULT '1',
  `create_time` int(11) DEFAULT NULL,
  `update_time` int(11) DEFAULT NULL,
  PRIMARY KEY (`id`)
) ENGINE=InnoDB  DEFAULT CHARSET=utf8 AUTO_INCREMENT=3 ;

--
-- 转存表中的数据 `tp50503_admin_jobs`
--

INSERT INTO `tp50503_admin_jobs` (`id`, `name`, `desc`, `status`, `create_time`, `update_time`) VALUES
(1, '班长', '', 1, 1478245107, 1478245107),
(2, '组长', '', 1, 1478245170, 1478245170);

-- --------------------------------------------------------

--
-- 表的结构 `tp50503_admin_node`
--

CREATE TABLE IF NOT EXISTS `tp50503_admin_node` (
  `id` int(11) NOT NULL AUTO_INCREMENT,
  `aid` int(11) DEFAULT NULL,
  `node_name` varchar(155) DEFAULT '' COMMENT '节点名称',
  `module_name` varchar(155) DEFAULT '' COMMENT '模块名',
  `control_name` varchar(155) DEFAULT '' COMMENT '控制器名',
  `action_name` varchar(155) DEFAULT NULL COMMENT '方法名',
  `is_menu` tinyint(1) DEFAULT '0' COMMENT '是否是菜单项 0不是 1是',
  `pid` int(11) DEFAULT NULL COMMENT '父级节点id',
  `icon` varchar(155) DEFAULT '' COMMENT '菜单样式',
  `sort` tinyint(3) unsigned DEFAULT '255',
  `status` int(11) DEFAULT NULL,
  `create_time` int(11) DEFAULT NULL,
  `update_time` int(11) DEFAULT NULL,
  `group` varchar(64) DEFAULT NULL,
  PRIMARY KEY (`id`)
) ENGINE=InnoDB  DEFAULT CHARSET=utf8 AUTO_INCREMENT=36 ;

--
-- 转存表中的数据 `tp50503_admin_node`
--

INSERT INTO `tp50503_admin_node` (`id`, `aid`, `node_name`, `module_name`, `control_name`, `action_name`, `is_menu`, `pid`, `icon`, `sort`, `status`, `create_time`, `update_time`, `group`) VALUES
(1, 1, '我的组织', '#', '#', '#', 1, 0, 'fa fa-globe', 255, 1, NULL, NULL, NULL),
(2, 1, '员工管理', 'admin', 'User', 'user', 1, 1, '', 3, 1, NULL, 1478489017, ''),
(3, 1, '用户修改', 'admin', 'User', 'useredit', 0, 2, '', 255, 1, NULL, NULL, NULL),
(4, 1, '还原密码', 'admin', 'User', 'password', 0, 2, '', 2, 1, 1479705083, 1479707835, ''),
(5, 1, '修改状态', 'admin', 'User', 'setStatus', 0, 2, '', 3, 1, 1479707901, 1479707901, ''),
(6, 1, '部门管理', 'admin', 'System', 'departmentlist', 1, 1, '', 255, 1, NULL, 1478489154, ''),
(7, 1, '部门修改', 'admin', 'System', 'DepartmentEdit', 0, 6, '', 2, 1, 1479708131, 1479708131, ''),
(8, 1, '状态设置', 'admin', 'System', 'setStatus', 0, 6, '', 3, 1, 1479708149, 1479708149, ''),
(9, 1, '工作职位', 'admin', 'System', 'jobslist', 1, 1, '', 255, 1, NULL, 1478489697, ''),
(10, 1, '职位修改', 'admin', 'System', 'JobsEdit', 0, 9, '', 1, 1, 1479708339, 1479708339, ''),
(11, 1, '状态设置', 'admin', 'System', 'setStatus', 0, 9, '', 3, 1, 1479708373, 1479708373, ''),
(12, 1, '系统管理', '#', '#', '#', 1, 0, 'fa fa-desktop', 255, 1, NULL, NULL, NULL),
(13, 1, '后台角色', 'admin', 'Role', 'role', 1, 12, '', 255, 1, NULL, 1478489392, ''),
(14, 1, '添加角色', 'admin', 'Role', 'roleadd', 0, 13, '', 255, 1, NULL, NULL, NULL),
(15, 1, '编辑角色', 'admin', 'Role', 'roleedit', 0, 13, '', 255, 1, NULL, NULL, NULL),
(16, 1, '删除角色', 'admin', 'Role', 'roledel', 0, 13, '', 255, 1, NULL, NULL, NULL),
(17, 1, '分配权限', 'admin', 'Role', 'giveaccess', 0, 13, '', 255, 1, NULL, NULL, NULL),
(18, 1, '数据备份', 'admin', 'Data', 'index', 1, 12, '', 255, 1, NULL, 1478486078, NULL),
(19, 1, '备份数据', 'admin', 'Data', 'importdata', 1, 18, '', 255, 1, NULL, 1480673310, ''),
(20, 1, '还原数据', 'admin', 'Data', 'backdata', 0, 18, '', 255, 1, NULL, 1478491159, ''),
(21, 1, '后台权限', 'admin', 'Node', 'node', 1, 12, '', 255, 1, NULL, 1478489411, ''),
(22, 1, '后台日志', 'admin', 'action', 'actionlog', 1, 12, '', 255, 1, 1475411492, 1478489442, ''),
(23, 1, '微信管理', '#', '#', '#', 1, 0, 'fa fa-wechat', 255, 1, NULL, 1482715400, NULL),
(24, 1, '我的微信', 'admin', 'We', 'we', 1, 23, '', 255, 1, NULL, 1481959705, ''),
(25, 1, '我的粉丝', 'admin', 'We', 'fans', 1, 23, '', 255, 1, NULL, 1481959716, ''),
(26, 1, '微信菜单', 'admin', 'We', 'menu', 1, 23, '', 255, 1, NULL, 1481959724, ''),
(27, 1, '微信菜单按钮', 'admin', 'We', 'menuButton', 0, 26, '', 1, 1, 1482284604, 1482715400, ''),
(28, 1, '微信菜单编辑', 'admin', 'We', 'menuEdit', 0, 26, '', 255, 1, NULL, 1482715400, NULL),
(29, 1, '微信菜单同步推送', 'admin', 'We', 'sendMenu', 0, 26, '', 255, 1, NULL, 1482715400, NULL),
(30, 1, '微信菜单按钮编辑', 'admin', 'We', 'menuButtonEdit', 0, 26, '', 255, 1, NULL, 1482715400, NULL),
(31, 1, '会员管理', '#', '#', '#', 1, 0, 'fa fa-user', 1, 1, NULL, 1482715400, NULL),
(32, NULL, '会员管理列表', 'admin', 'User', 'member', 1, 31, '', 255, 1, NULL, 1482715400, NULL),
(33, NULL, '会员修改', 'admin', 'User', 'memberEdit', 0, 32, '', 255, 1, NULL, 1482715400, NULL),
(34, NULL, '会员等级', 'admin', 'User', 'memberGrade', 1, 31, '', 255, 1, NULL, 1482715400, NULL),
(35, NULL, '会员等级编辑', 'admin', 'User', 'memberGradeEdit', 0, 34, '', 255, 1, NULL, 1482715400, NULL);

-- --------------------------------------------------------

--
-- 表的结构 `tp50503_admin_role`
--

CREATE TABLE IF NOT EXISTS `tp50503_admin_role` (
  `id` int(11) NOT NULL AUTO_INCREMENT COMMENT 'id',
  `rolename` varchar(155) NOT NULL COMMENT '角色名称',
  `rule` varchar(255) DEFAULT '' COMMENT '权限节点数据',
  `status` tinyint(4) DEFAULT '4',
  `create_time` int(11) DEFAULT NULL,
  `update_time` int(11) DEFAULT NULL,
  PRIMARY KEY (`id`)
) ENGINE=InnoDB  DEFAULT CHARSET=utf8 AUTO_INCREMENT=4 ;

--
-- 转存表中的数据 `tp50503_admin_role`
--

INSERT INTO `tp50503_admin_role` (`id`, `rolename`, `rule`, `status`, `create_time`, `update_time`) VALUES
(1, '超级管理员', '1,2,3,4,5,6,7,8,9,10,11,12,13,14,15,16,23,25,26,27,28,29,30,31,32,33,34,35,36,37,38,39,40', 1, NULL, NULL),
(2, '系统维护员', '1,2,3,4,5,6,7,8,9,10,11,12,13,14,23,25', 1, NULL, NULL),
(3, '运营人员', '1,2,3,4,5,6,7,8,9,10,11,12,13,14,15,16,22,23,25', 1, NULL, NULL);

-- --------------------------------------------------------

--
-- 表的结构 `tp50503_admin_user`
--

CREATE TABLE IF NOT EXISTS `tp50503_admin_user` (
  `id` int(11) NOT NULL AUTO_INCREMENT,
  `department_id` int(11) DEFAULT NULL COMMENT '部门',
  `jobs_id` int(10) DEFAULT NULL COMMENT '职位',
  `weixin_openid` char(64) DEFAULT NULL,
  `banding_code` varchar(15) CHARACTER SET utf8 COLLATE utf8_bin NOT NULL COMMENT '微信绑定码',
  `role_id` int(11) NOT NULL,
  `aid_title` varchar(30) CHARACTER SET utf8 COLLATE utf8_bin DEFAULT NULL,
  `name` varchar(255) CHARACTER SET utf8 COLLATE utf8_bin DEFAULT '' COMMENT '用户名',
  `simple_name` varchar(30) DEFAULT NULL COMMENT '用户简称',
  `nickname` varchar(30) NOT NULL COMMENT '用户名',
  `password` varchar(255) CHARACTER SET utf8 COLLATE utf8_bin DEFAULT '' COMMENT '密码',
  `birthday` varchar(10) DEFAULT NULL,
  `calendar` tinyint(4) DEFAULT '0' COMMENT '0阳历，1农历',
  `loginnum` int(11) DEFAULT '0' COMMENT '登陆次数',
  `last_login_ip` varchar(255) CHARACTER SET utf8 COLLATE utf8_bin DEFAULT '' COMMENT '最后登录IP',
  `last_login_time` int(11) DEFAULT '0' COMMENT '最后登录时间',
  `status` int(1) DEFAULT '0' COMMENT '状态',
  `typeid` int(11) DEFAULT '1' COMMENT '用户角色id',
  `position` varchar(32) DEFAULT NULL,
  `mobile` char(15) NOT NULL COMMENT '用户手机',
  `gender` tinyint(3) unsigned NOT NULL DEFAULT '0' COMMENT '性别',
  `qq` char(32) NOT NULL,
  `email` char(32) NOT NULL COMMENT '用户邮箱',
  `weixinid` char(32) NOT NULL,
  `avatar` varchar(255) DEFAULT NULL,
  `extattr` text,
  `marriage` tinyint(4) DEFAULT NULL,
  `idcard` varchar(18) DEFAULT NULL,
  `bankcard` varchar(25) DEFAULT NULL,
  `joinday` int(10) DEFAULT NULL,
  `join_from` tinyint(4) DEFAULT NULL,
  `leaveday` int(10) DEFAULT NULL,
  `leave_type` tinyint(4) DEFAULT NULL,
  `leave_why` varchar(100) DEFAULT NULL,
  `description` text,
  `address` varchar(20) DEFAULT NULL,
  `amount` decimal(10,2) NOT NULL DEFAULT '0.00' COMMENT '余额',
  `update_time` int(11) NOT NULL,
  `create_time` int(11) NOT NULL,
  PRIMARY KEY (`id`)
) ENGINE=InnoDB  DEFAULT CHARSET=utf8 AUTO_INCREMENT=3 ;

--
-- 转存表中的数据 `tp50503_admin_user`
--

INSERT INTO `tp50503_admin_user` (`id`, `department_id`, `jobs_id`, `weixin_openid`, `banding_code`, `role_id`, `aid_title`, `name`, `simple_name`, `nickname`, `password`, `birthday`, `calendar`, `loginnum`, `last_login_ip`, `last_login_time`, `status`, `typeid`, `position`, `mobile`, `gender`, `qq`, `email`, `weixinid`, `avatar`, `extattr`, `marriage`, `idcard`, `bankcard`, `joinday`, `join_from`, `leaveday`, `leave_type`, `leave_why`, `description`, `address`, `amount`, `update_time`, `create_time`) VALUES
(1, 1, 0, 'oO059v39zsst76IkuiYV3yMvc4Sw', '55229586246', 0, '', 'mikkle', '', '何大鹏', 'b74ba7b7e2d0f1e7b9c834f52d84f04a', '', 0, 173, '14.153.203.45', 1485914301, 1, 1, '', '17092610050', 0, '', '', '', NULL, '', 0, '', '', 0, 0, 0, 0, '', NULL, '', '0.00', 1480426399, 0),
(2, 2, 1, '', '', 1, NULL, 'admin', NULL, '超级管理员', 'f4a11cdf4ea5c8173800767de05f622c', '', 0, 22, '219.134.109.157', 1486449550, 1, 1, '', '', 1, '', '', '', NULL, NULL, 0, '', '', 0, 0, 0, 0, '', NULL, '', '0.00', 1480673171, 1480673171);

-- --------------------------------------------------------

--
-- 表的结构 `user`
--

CREATE TABLE IF NOT EXISTS `user` (
  `id` int(11) unsigned NOT NULL AUTO_INCREMENT COMMENT '用户ID',
  `name` varchar(50) DEFAULT NULL COMMENT '用户名',
  `password` varchar(32) DEFAULT NULL COMMENT '用户密码',
  `email` varchar(255) DEFAULT NULL COMMENT '用户邮箱',
  `role` tinyint(2) unsigned DEFAULT '1' COMMENT '角色',
  `status` int(2) unsigned DEFAULT '1' COMMENT '状态:1启用0禁用',
  `create_time` int(11) DEFAULT NULL COMMENT '创建时间',
  `update_time` int(11) DEFAULT NULL COMMENT '更新时间',
  `delete_time` int(11) DEFAULT NULL COMMENT '删除时间',
  `login_time` int(11) unsigned DEFAULT NULL COMMENT '登录时间',
  `login_count` int(11) unsigned DEFAULT '0' COMMENT '登录次数',
  `is_delete` int(2) unsigned DEFAULT '0' COMMENT '是否删除1是0否',
  PRIMARY KEY (`id`)
) ENGINE=MyISAM  DEFAULT CHARSET=utf8 AUTO_INCREMENT=12 ;

--
-- 转存表中的数据 `user`
--

INSERT INTO `user` (`id`, `name`, `password`, `email`, `role`, `status`, `create_time`, `update_time`, `delete_time`, `login_time`, `login_count`, `is_delete`) VALUES
(1, 'admin', 'f297a57a5a743894a0e4', 'admin123@php.cn', 0, 1, 1501493848, 1502340075, NULL, 1502339370, 20, 1),
(3, 'peter', 'e10adc3949ba59abbe56e057f20f883e', 'peter888@php.cn', 1, 1, 1501582576, 1502260457, NULL, 1502168741, 15, 1),
(6, 'jack', 'e10adc3949ba59abbe56e057f20f883e', 'jack123@php.cn', 0, 1, 1502064844, 1502260457, NULL, 1502082773, 1, 1),
(7, 'zhu', 'e10adc3949ba59abbe56e057f20f883e', 'zhu@php.cn', 0, 1, NULL, 1502260457, NULL, NULL, 0, 1),
(8, 'php', 'e10adc3949ba59abbe56e057f20f883e', 'php@php.cn', 0, 1, 1502091384, 1502260457, NULL, NULL, 0, 1),
(9, 'html', 'e10adc3949ba59abbe56e057f20f883e', 'html@php.cn', 0, 1, 1502091961, 1502260457, NULL, NULL, 0, 1),
(10, 'css', 'f297a57a5a743894a0e4', 'css@php.cn', 0, 1, 1502092407, 1502260457, NULL, NULL, 0, 1),
(11, 'yangtao', 'e10adc3949ba59abbe56e057f20f883e', 'yangtao@php.cn', 0, 1, 1502171809, 1502260457, NULL, NULL, 0, 1);

/*!40101 SET CHARACTER_SET_CLIENT=@OLD_CHARACTER_SET_CLIENT */;
/*!40101 SET CHARACTER_SET_RESULTS=@OLD_CHARACTER_SET_RESULTS */;
/*!40101 SET COLLATION_CONNECTION=@OLD_COLLATION_CONNECTION */;
